id,title,price,laboratory,description,subcategory,subcategories,animalbreeds,volume,image,drugs,dose,externallink
product_1773674010544_0,"Productos",48086200,"InicioProductosVeterinariaAgroquímicosArtículos RuralesIdentificaciónIndumentaria RuralLaboratoriosNosotrosContacto","","","","","","","","",""
product_1773674010551_9,"Productos",48086200,"InicioProductosVeterinariaAgroquímicosArtículos RuralesIdentificaciónIndumentaria RuralLaboratoriosNosotrosContacto","","","","","","","","",""
product_1773674010551_11,"Productos",48086200,"InicioProductosVeterinariaAgroquímicosArtículos RuralesIdentificaciónIndumentaria RuralLaboratoriosNosotrosContacto","","","","","","","","",""
product_1773674010552_12,"Productos",48086200,"InicioProductosVeterinariaAgroquímicosArtículos RuralesIdentificaciónIndumentaria RuralLaboratoriosNosotrosContacto","","","","","","","","",""
product_1773674010552_13,"Productos",48086200,"InicioProductosVeterinariaAgroquímicosArtículos RuralesIdentificaciónIndumentaria RuralLaboratoriosNosotrosContacto","","","","","","","","",""
product_1773674010552_14,"Productos",48086200,"InicioProductosVeterinariaAgroquímicosArtículos RuralesIdentificaciónIndumentaria RuralLaboratoriosNosotrosContacto","","","","","","","","",""
product_1773674010553_15,"Productos",48086200,"","","","","","","","","",""
product_1773674010554_16,"Productos",48086200,"","","","","","","","","",""
product_1773674010555_17,"Productos",48086200,"","","","","","","","","",""
product_1773674010556_18,"Productos",48086200,"","","","","","","","","",""
product_1773674010556_19,"Productos",48086200,"","","","","","","","","",""
product_1773674010557_20,"Productos",48086200,"","","","","","","","","",""
product_1773674010557_21,"Productos",48086200,"","","","","","","","","",""
product_1773674010558_22,"Productos",48086200,"","","","","","","","","",""
product_1773674010558_23,"Productos",48086200,"","","","","","","","","",""
product_1773674010558_24,"Productos",48086200,"","","","","","","","","",""
product_1773674010559_25,"Productos",48086200,"","","","","","","","","",""
product_1773674010559_26,"Productos",48086200,"","","","","","","","","",""
product_1773674010560_27,"Productos",48086200,"","","","","","","","","",""
product_1773674010560_28,"Productos",48086200,"","","","","","","","","",""
product_1773674010560_29,"Productos",48086200,"","","","","","","","","",""
product_1773674010561_30,"Productos",48086200,"","","","","","","","","",""
product_1773674010561_31,"Productos",48086200,"","","","","","","","","",""
product_1773674010562_32,"Ordenar por Dardox Konig 5lt.Precio$480,862.00 Pomada Curabichera Bactrovet Plata Konig 1,2kg.Precio$46,430.00 Bovikalc Boehringer Ingelheim x 24 BolosPrecio$281,051.75Consultar precio Ecto Tak Zoovet x 5lt.Consultar precio Hepatone Richmond 250ml.Consultar precio DIB 1gr Zoetis Syntex 10 dispositivos.Consultar precio Tiamina Rio de Janeiro 50ml. Birmicina E25 Burnet 40mlPrecio$5,323.40Consultar precio Lidocalm Pro-Ser x100 Fortevit ADE Leon Pharma 100ml.Precio$13,698.75Consultar precio Floxanol 5 Leon Pharma 100ml. Tilmilon 300 Leon Pharma 100ml.Precio$13,647.20Consultar precio Flok 3,15 Biogenesis Bago 500ml.Consultar precio Rochy Spray Zoovet 267ml.Consultar precio Zeleris Zoovet 100ml.Consultar precio Overmectina F Over 500ml.Consultar precio Synect Polvo Over 400gr. Aplonal Konig 50ml.Precio$8,838.00 Kuramicina L.A. Konig 500ml.Precio$32,414.25Consultar precio Bactrovet Plata AM Dualtap Spray Curabichera Konig 420ml.Consultar precio Duphamox LA Zoetis 100ml. Randon Titanium Konig 500ml.Precio$33,932.10Consultar precio Micospectone Von Franken 250ml.Consultar precio Encefalomielitis Equina Providean Tecnovax 20 dosis. Linco 300 Zoovet 100ml.Precio$41,359.45 Tilmicofull Dúo Inyectable Zoovet 250ml.Precio$63,288.45 Tilmicofull Dúo Inyectable Zoovet 100ml.Precio$27,406.10 Salix MSD 10ml.Precio$13,757.65Consultar precio Jeringa Lider Dial PRO 50c.c.Consultar precio Endoral Von Franken 1l.Consultar precio Advocin 180 Zoetis 50ml.Consultar precio Ciclase DL Zoetis 20ml.Consultar precio Cipiosyn Cipionato de Estradiol 100ml. Novormon 20000 Zoetis.Precio$159,168.00 Ioduro de Sodio Zoovet 50ml.Precio$15,159.35 Electrolac Zoovet 1l.Precio$40,765.05",48086200,"","","","","","","","","",""
product_1773674010562_33,"Dardox Konig 5lt.Precio$480,862.00 Pomada Curabichera Bactrovet Plata Konig 1,2kg.Precio$46,430.00 Bovikalc Boehringer Ingelheim x 24 BolosPrecio$281,051.75Consultar precio Ecto Tak Zoovet x 5lt.Consultar precio Hepatone Richmond 250ml.Consultar precio DIB 1gr Zoetis Syntex 10 dispositivos.Consultar precio Tiamina Rio de Janeiro 50ml. Birmicina E25 Burnet 40mlPrecio$5,323.40Consultar precio Lidocalm Pro-Ser x100 Fortevit ADE Leon Pharma 100ml.Precio$13,698.75Consultar precio Floxanol 5 Leon Pharma 100ml. Tilmilon 300 Leon Pharma 100ml.Precio$13,647.20Consultar precio Flok 3,15 Biogenesis Bago 500ml.Consultar precio Rochy Spray Zoovet 267ml.Consultar precio Zeleris Zoovet 100ml.Consultar precio Overmectina F Over 500ml.Consultar precio Synect Polvo Over 400gr. Aplonal Konig 50ml.Precio$8,838.00 Kuramicina L.A. Konig 500ml.Precio$32,414.25Consultar precio Bactrovet Plata AM Dualtap Spray Curabichera Konig 420ml.Consultar precio Duphamox LA Zoetis 100ml. Randon Titanium Konig 500ml.Precio$33,932.10Consultar precio Micospectone Von Franken 250ml.Consultar precio Encefalomielitis Equina Providean Tecnovax 20 dosis. Linco 300 Zoovet 100ml.Precio$41,359.45 Tilmicofull Dúo Inyectable Zoovet 250ml.Precio$63,288.45 Tilmicofull Dúo Inyectable Zoovet 100ml.Precio$27,406.10 Salix MSD 10ml.Precio$13,757.65Consultar precio Jeringa Lider Dial PRO 50c.c.Consultar precio Endoral Von Franken 1l.Consultar precio Advocin 180 Zoetis 50ml.Consultar precio Ciclase DL Zoetis 20ml.Consultar precio Cipiosyn Cipionato de Estradiol 100ml. Novormon 20000 Zoetis.Precio$159,168.00 Ioduro de Sodio Zoovet 50ml.Precio$15,159.35 Electrolac Zoovet 1l.Precio$40,765.05",48086200,"","","","","","","","","",""
product_1773674010562_34,"Dardox Konig 5lt.Precio$480,862.00 Pomada Curabichera Bactrovet Plata Konig 1,2kg.Precio$46,430.00 Bovikalc Boehringer Ingelheim x 24 BolosPrecio$281,051.75Consultar precio Ecto Tak Zoovet x 5lt.Consultar precio Hepatone Richmond 250ml.Consultar precio DIB 1gr Zoetis Syntex 10 dispositivos.Consultar precio Tiamina Rio de Janeiro 50ml. Birmicina E25 Burnet 40mlPrecio$5,323.40Consultar precio Lidocalm Pro-Ser x100 Fortevit ADE Leon Pharma 100ml.Precio$13,698.75Consultar precio Floxanol 5 Leon Pharma 100ml. Tilmilon 300 Leon Pharma 100ml.Precio$13,647.20Consultar precio Flok 3,15 Biogenesis Bago 500ml.Consultar precio Rochy Spray Zoovet 267ml.Consultar precio Zeleris Zoovet 100ml.Consultar precio Overmectina F Over 500ml.Consultar precio Synect Polvo Over 400gr. Aplonal Konig 50ml.Precio$8,838.00 Kuramicina L.A. Konig 500ml.Precio$32,414.25Consultar precio Bactrovet Plata AM Dualtap Spray Curabichera Konig 420ml.Consultar precio Duphamox LA Zoetis 100ml. Randon Titanium Konig 500ml.Precio$33,932.10Consultar precio Micospectone Von Franken 250ml.Consultar precio Encefalomielitis Equina Providean Tecnovax 20 dosis. Linco 300 Zoovet 100ml.Precio$41,359.45 Tilmicofull Dúo Inyectable Zoovet 250ml.Precio$63,288.45 Tilmicofull Dúo Inyectable Zoovet 100ml.Precio$27,406.10 Salix MSD 10ml.Precio$13,757.65Consultar precio Jeringa Lider Dial PRO 50c.c.Consultar precio Endoral Von Franken 1l.Consultar precio Advocin 180 Zoetis 50ml.Consultar precio Ciclase DL Zoetis 20ml.Consultar precio Cipiosyn Cipionato de Estradiol 100ml. Novormon 20000 Zoetis.Precio$159,168.00 Ioduro de Sodio Zoovet 50ml.Precio$15,159.35 Electrolac Zoovet 1l.Precio$40,765.05",48086200,"","","","","","","","","",""
product_1773674010563_35,"Dardox Konig 5lt.Precio$480,862.00 Pomada Curabichera Bactrovet Plata Konig 1,2kg.Precio$46,430.00 Bovikalc Boehringer Ingelheim x 24 BolosPrecio$281,051.75Consultar precio Ecto Tak Zoovet x 5lt.Consultar precio Hepatone Richmond 250ml.Consultar precio DIB 1gr Zoetis Syntex 10 dispositivos.Consultar precio Tiamina Rio de Janeiro 50ml. Birmicina E25 Burnet 40mlPrecio$5,323.40Consultar precio Lidocalm Pro-Ser x100 Fortevit ADE Leon Pharma 100ml.Precio$13,698.75Consultar precio Floxanol 5 Leon Pharma 100ml. Tilmilon 300 Leon Pharma 100ml.Precio$13,647.20Consultar precio Flok 3,15 Biogenesis Bago 500ml.Consultar precio Rochy Spray Zoovet 267ml.Consultar precio Zeleris Zoovet 100ml.Consultar precio Overmectina F Over 500ml.Consultar precio Synect Polvo Over 400gr. Aplonal Konig 50ml.Precio$8,838.00 Kuramicina L.A. Konig 500ml.Precio$32,414.25Consultar precio Bactrovet Plata AM Dualtap Spray Curabichera Konig 420ml.Consultar precio Duphamox LA Zoetis 100ml. Randon Titanium Konig 500ml.Precio$33,932.10Consultar precio Micospectone Von Franken 250ml.Consultar precio Encefalomielitis Equina Providean Tecnovax 20 dosis. Linco 300 Zoovet 100ml.Precio$41,359.45 Tilmicofull Dúo Inyectable Zoovet 250ml.Precio$63,288.45 Tilmicofull Dúo Inyectable Zoovet 100ml.Precio$27,406.10 Salix MSD 10ml.Precio$13,757.65Consultar precio Jeringa Lider Dial PRO 50c.c.Consultar precio Endoral Von Franken 1l.Consultar precio Advocin 180 Zoetis 50ml.Consultar precio Ciclase DL Zoetis 20ml.Consultar precio Cipiosyn Cipionato de Estradiol 100ml. Novormon 20000 Zoetis.Precio$159,168.00 Ioduro de Sodio Zoovet 50ml.Precio$15,159.35 Electrolac Zoovet 1l.Precio$40,765.05",48086200,"","","","","","","","","",""
product_1773674010563_36,"Dardox Konig 5lt.Precio$480,862.00",48086200,"","","","","","","","","",""
product_1773674010563_37,"Dardox Konig 5lt.Precio$480,862.00",48086200,"","","","","","","","","",""
product_1773674010563_38,"Dardox Konig 5lt.Precio$480,862.00",48086200,"","","","","","","","","",""
product_1773674010563_39,"Dardox Konig 5lt.Precio$480,862.00",48086200,"","","","","","","","","",""
product_1773674010563_40,"Dardox Konig 5lt.Precio$480,862.00",48086200,"","","","","","","","","",""
product_1773674010563_41,"Dardox Konig 5lt.Precio$480,862.00",48086200,"","","","","","","","","",""
product_1773674010563_42,"Dardox Konig 5lt.Precio$480,862.00",48086200,"","","","","","","","","",""
product_1773674010563_43,"Dardox Konig 5lt.Precio$480,862.00",48086200,"","","","","","","","","",""
product_1773674010563_44,"Dardox Konig 5lt.Precio$480,862.00",48086200,"","","","","","","","","",""
product_1773674010563_45,"Pomada Curabichera Bactrovet Plata Konig 1,2kg.Precio$46,430.00",4643000,"","","","","","","","","",""
product_1773674010563_46,"Pomada Curabichera Bactrovet Plata Konig 1,2kg.Precio$46,430.00",4643000,"","","","","","","","","",""
product_1773674010563_47,"Pomada Curabichera Bactrovet Plata Konig 1,2kg.Precio$46,430.00",4643000,"","","","","","","","","",""
product_1773674010563_48,"Pomada Curabichera Bactrovet Plata Konig 1,2kg.Precio$46,430.00",4643000,"","","","","","","","","",""
product_1773674010563_49,"Pomada Curabichera Bactrovet Plata Konig 1,2kg.Precio$46,430.00",4643000,"","","","","","","","","",""
product_1773674010563_50,"Pomada Curabichera Bactrovet Plata Konig 1,2kg.Precio$46,430.00",4643000,"","","","","","","","","",""
product_1773674010563_51,"Pomada Curabichera Bactrovet Plata Konig 1,2kg.Precio$46,430.00",4643000,"","","","","","","","","",""
product_1773674010563_52,"Pomada Curabichera Bactrovet Plata Konig 1,2kg.Precio$46,430.00",4643000,"","","","","","","","","",""
product_1773674010563_53,"Pomada Curabichera Bactrovet Plata Konig 1,2kg.Precio$46,430.00",4643000,"","","","","","","","","",""
product_1773674010563_54,"Bovikalc Boehringer Ingelheim x 24 BolosPrecio$281,051.75",28105175,"","","","","","","","","",""
product_1773674010563_55,"Bovikalc Boehringer Ingelheim x 24 BolosPrecio$281,051.75",28105175,"","","","","","","","","",""
product_1773674010563_56,"Bovikalc Boehringer Ingelheim x 24 BolosPrecio$281,051.75",28105175,"","","","","","","","","",""
product_1773674010563_57,"Bovikalc Boehringer Ingelheim x 24 BolosPrecio$281,051.75",28105175,"","","","","","","","","",""
product_1773674010563_58,"Bovikalc Boehringer Ingelheim x 24 BolosPrecio$281,051.75",28105175,"","","","","","","","","",""
product_1773674010563_59,"Bovikalc Boehringer Ingelheim x 24 BolosPrecio$281,051.75",28105175,"","","","","","","","","",""
product_1773674010563_60,"Bovikalc Boehringer Ingelheim x 24 BolosPrecio$281,051.75",28105175,"","","","","","","","","",""
product_1773674010563_61,"Bovikalc Boehringer Ingelheim x 24 BolosPrecio$281,051.75",28105175,"","","","","","","","","",""
product_1773674010563_62,"Bovikalc Boehringer Ingelheim x 24 BolosPrecio$281,051.75",28105175,"","","","","","","","","",""
product_1773674010563_63,"Birmicina E25 Burnet 40mlPrecio$5,323.40",532340,"","","","","","","","","",""
product_1773674010563_64,"Birmicina E25 Burnet 40mlPrecio$5,323.40",532340,"","","","","","","","","",""
product_1773674010563_65,"Birmicina E25 Burnet 40mlPrecio$5,323.40",532340,"","","","","","","","","",""
product_1773674010563_66,"Birmicina E25 Burnet 40mlPrecio$5,323.40",532340,"","","","","","","","","",""
product_1773674010563_67,"Birmicina E25 Burnet 40mlPrecio$5,323.40",532340,"","","","","","","","","",""
product_1773674010563_68,"Birmicina E25 Burnet 40mlPrecio$5,323.40",532340,"","","","","","","","","",""
product_1773674010563_69,"Birmicina E25 Burnet 40mlPrecio$5,323.40",532340,"","","","","","","","","",""
product_1773674010563_70,"Birmicina E25 Burnet 40mlPrecio$5,323.40",532340,"","","","","","","","","",""
product_1773674010563_71,"Birmicina E25 Burnet 40mlPrecio$5,323.40",532340,"","","","","","","","","",""
product_1773674010563_72,"Fortevit ADE Leon Pharma 100ml.Precio$13,698.75",1369875,"","","","","","","","","",""
product_1773674010563_73,"Fortevit ADE Leon Pharma 100ml.Precio$13,698.75",1369875,"","","","","","","","","",""
product_1773674010563_74,"Fortevit ADE Leon Pharma 100ml.Precio$13,698.75",1369875,"","","","","","","","","",""
product_1773674010563_75,"Fortevit ADE Leon Pharma 100ml.Precio$13,698.75",1369875,"","","","","","","","","",""
product_1773674010563_76,"Fortevit ADE Leon Pharma 100ml.Precio$13,698.75",1369875,"","","","","","","","","",""
product_1773674010563_77,"Fortevit ADE Leon Pharma 100ml.Precio$13,698.75",1369875,"","","","","","","","","",""
product_1773674010563_78,"Fortevit ADE Leon Pharma 100ml.Precio$13,698.75",1369875,"","","","","","","","","",""
product_1773674010563_79,"Fortevit ADE Leon Pharma 100ml.Precio$13,698.75",1369875,"","","","","","","","","",""
product_1773674010563_80,"Fortevit ADE Leon Pharma 100ml.Precio$13,698.75",1369875,"","","","","","","","","",""
product_1773674010563_81,"Tilmilon 300 Leon Pharma 100ml.Precio$13,647.20",1364720,"","","","","","","","","",""
product_1773674010563_82,"Tilmilon 300 Leon Pharma 100ml.Precio$13,647.20",1364720,"","","","","","","","","",""
product_1773674010563_83,"Tilmilon 300 Leon Pharma 100ml.Precio$13,647.20",1364720,"","","","","","","","","",""
product_1773674010563_84,"Tilmilon 300 Leon Pharma 100ml.Precio$13,647.20",1364720,"","","","","","","","","",""
product_1773674010563_85,"Tilmilon 300 Leon Pharma 100ml.Precio$13,647.20",1364720,"","","","","","","","","",""
product_1773674010563_86,"Tilmilon 300 Leon Pharma 100ml.Precio$13,647.20",1364720,"","","","","","","","","",""
product_1773674010563_87,"Tilmilon 300 Leon Pharma 100ml.Precio$13,647.20",1364720,"","","","","","","","","",""
product_1773674010563_88,"Tilmilon 300 Leon Pharma 100ml.Precio$13,647.20",1364720,"","","","","","","","","",""
product_1773674010563_89,"Tilmilon 300 Leon Pharma 100ml.Precio$13,647.20",1364720,"","","","","","","","","",""
product_1773674010564_90,"Aplonal Konig 50ml.Precio$8,838.00",883800,"","","","","","","","","",""
product_1773674010564_91,"Aplonal Konig 50ml.Precio$8,838.00",883800,"","","","","","","","","",""
product_1773674010564_92,"Aplonal Konig 50ml.Precio$8,838.00",883800,"","","","","","","","","",""
product_1773674010564_93,"Aplonal Konig 50ml.Precio$8,838.00",883800,"","","","","","","","","",""
product_1773674010564_94,"Aplonal Konig 50ml.Precio$8,838.00",883800,"","","","","","","","","",""
product_1773674010564_95,"Aplonal Konig 50ml.Precio$8,838.00",883800,"","","","","","","","","",""
product_1773674010564_96,"Aplonal Konig 50ml.Precio$8,838.00",883800,"","","","","","","","","",""
product_1773674010564_97,"Aplonal Konig 50ml.Precio$8,838.00",883800,"","","","","","","","","",""
product_1773674010564_98,"Aplonal Konig 50ml.Precio$8,838.00",883800,"","","","","","","","","",""
product_1773674010564_99,"Kuramicina L.A. Konig 500ml.Precio$32,414.25",3241425,"","","","","","","","","",""
product_1773674010564_100,"Kuramicina L.A. Konig 500ml.Precio$32,414.25",3241425,"","","","","","","","","",""
product_1773674010564_101,"Kuramicina L.A. Konig 500ml.Precio$32,414.25",3241425,"","","","","","","","","",""
product_1773674010564_102,"Kuramicina L.A. Konig 500ml.Precio$32,414.25",3241425,"","","","","","","","","",""
product_1773674010564_103,"Kuramicina L.A. Konig 500ml.Precio$32,414.25",3241425,"","","","","","","","","",""
product_1773674010564_104,"Kuramicina L.A. Konig 500ml.Precio$32,414.25",3241425,"","","","","","","","","",""
product_1773674010564_105,"Kuramicina L.A. Konig 500ml.Precio$32,414.25",3241425,"","","","","","","","","",""
product_1773674010564_106,"Kuramicina L.A. Konig 500ml.Precio$32,414.25",3241425,"","","","","","","","","",""
product_1773674010564_107,"Kuramicina L.A. Konig 500ml.Precio$32,414.25",3241425,"","","","","","","","","",""
product_1773674010564_108,"Randon Titanium Konig 500ml.Precio$33,932.10",3393210,"","","","","","","","","",""
product_1773674010564_109,"Randon Titanium Konig 500ml.Precio$33,932.10",3393210,"","","","","","","","","",""
product_1773674010564_110,"Randon Titanium Konig 500ml.Precio$33,932.10",3393210,"","","","","","","","","",""
product_1773674010564_111,"Randon Titanium Konig 500ml.Precio$33,932.10",3393210,"","","","","","","","","",""
product_1773674010564_112,"Randon Titanium Konig 500ml.Precio$33,932.10",3393210,"","","","","","","","","",""
product_1773674010564_113,"Randon Titanium Konig 500ml.Precio$33,932.10",3393210,"","","","","","","","","",""
product_1773674010564_114,"Randon Titanium Konig 500ml.Precio$33,932.10",3393210,"","","","","","","","","",""
product_1773674010564_115,"Randon Titanium Konig 500ml.Precio$33,932.10",3393210,"","","","","","","","","",""
product_1773674010564_116,"Randon Titanium Konig 500ml.Precio$33,932.10",3393210,"","","","","","","","","",""
product_1773674010564_117,"Linco 300 Zoovet 100ml.Precio$41,359.45",4135945,"","","","","","","","","",""
product_1773674010564_118,"Linco 300 Zoovet 100ml.Precio$41,359.45",4135945,"","","","","","","","","",""
product_1773674010564_119,"Linco 300 Zoovet 100ml.Precio$41,359.45",4135945,"","","","","","","","","",""
product_1773674010564_120,"Linco 300 Zoovet 100ml.Precio$41,359.45",4135945,"","","","","","","","","",""
product_1773674010564_121,"Linco 300 Zoovet 100ml.Precio$41,359.45",4135945,"","","","","","","","","",""
product_1773674010564_122,"Linco 300 Zoovet 100ml.Precio$41,359.45",4135945,"","","","","","","","","",""
product_1773674010564_123,"Linco 300 Zoovet 100ml.Precio$41,359.45",4135945,"","","","","","","","","",""
product_1773674010564_124,"Linco 300 Zoovet 100ml.Precio$41,359.45",4135945,"","","","","","","","","",""
product_1773674010564_125,"Linco 300 Zoovet 100ml.Precio$41,359.45",4135945,"","","","","","","","","",""
product_1773674010564_126,"Tilmicofull Dúo Inyectable Zoovet 250ml.Precio$63,288.45",6328845,"","","","","","","","","",""
product_1773674010564_127,"Tilmicofull Dúo Inyectable Zoovet 250ml.Precio$63,288.45",6328845,"","","","","","","","","",""
product_1773674010564_128,"Tilmicofull Dúo Inyectable Zoovet 250ml.Precio$63,288.45",6328845,"","","","","","","","","",""
product_1773674010564_129,"Tilmicofull Dúo Inyectable Zoovet 250ml.Precio$63,288.45",6328845,"","","","","","","","","",""
product_1773674010564_130,"Tilmicofull Dúo Inyectable Zoovet 250ml.Precio$63,288.45",6328845,"","","","","","","","","",""
product_1773674010564_131,"Tilmicofull Dúo Inyectable Zoovet 250ml.Precio$63,288.45",6328845,"","","","","","","","","",""
product_1773674010564_132,"Tilmicofull Dúo Inyectable Zoovet 250ml.Precio$63,288.45",6328845,"","","","","","","","","",""
product_1773674010564_133,"Tilmicofull Dúo Inyectable Zoovet 250ml.Precio$63,288.45",6328845,"","","","","","","","","",""
product_1773674010564_134,"Tilmicofull Dúo Inyectable Zoovet 250ml.Precio$63,288.45",6328845,"","","","","","","","","",""
product_1773674010564_135,"Tilmicofull Dúo Inyectable Zoovet 100ml.Precio$27,406.10",2740610,"","","","","","","","","",""
product_1773674010564_136,"Tilmicofull Dúo Inyectable Zoovet 100ml.Precio$27,406.10",2740610,"","","","","","","","","",""
product_1773674010564_137,"Tilmicofull Dúo Inyectable Zoovet 100ml.Precio$27,406.10",2740610,"","","","","","","","","",""
product_1773674010564_138,"Tilmicofull Dúo Inyectable Zoovet 100ml.Precio$27,406.10",2740610,"","","","","","","","","",""
product_1773674010564_139,"Tilmicofull Dúo Inyectable Zoovet 100ml.Precio$27,406.10",2740610,"","","","","","","","","",""
product_1773674010564_140,"Tilmicofull Dúo Inyectable Zoovet 100ml.Precio$27,406.10",2740610,"","","","","","","","","",""
product_1773674010564_141,"Tilmicofull Dúo Inyectable Zoovet 100ml.Precio$27,406.10",2740610,"","","","","","","","","",""
product_1773674010564_142,"Tilmicofull Dúo Inyectable Zoovet 100ml.Precio$27,406.10",2740610,"","","","","","","","","",""
product_1773674010564_143,"Tilmicofull Dúo Inyectable Zoovet 100ml.Precio$27,406.10",2740610,"","","","","","","","","",""
product_1773674010564_144,"Salix MSD 10ml.Precio$13,757.65",1375765,"","","","","","","","","",""
product_1773674010564_145,"Salix MSD 10ml.Precio$13,757.65",1375765,"","","","","","","","","",""
product_1773674010564_146,"Salix MSD 10ml.Precio$13,757.65",1375765,"","","","","","","","","",""
product_1773674010564_147,"Salix MSD 10ml.Precio$13,757.65",1375765,"","","","","","","","","",""
product_1773674010564_148,"Salix MSD 10ml.Precio$13,757.65",1375765,"","","","","","","","","",""
product_1773674010564_149,"Salix MSD 10ml.Precio$13,757.65",1375765,"","","","","","","","","",""
product_1773674010564_150,"Salix MSD 10ml.Precio$13,757.65",1375765,"","","","","","","","","",""
product_1773674010564_151,"Salix MSD 10ml.Precio$13,757.65",1375765,"","","","","","","","","",""
product_1773674010564_152,"Salix MSD 10ml.Precio$13,757.65",1375765,"","","","","","","","","",""
product_1773674010564_153,"Novormon 20000 Zoetis.Precio$159,168.00",15916800,"","","","","","","","","",""
product_1773674010564_154,"Novormon 20000 Zoetis.Precio$159,168.00",15916800,"","","","","","","","","",""
product_1773674010564_155,"Novormon 20000 Zoetis.Precio$159,168.00",15916800,"","","","","","","","","",""
product_1773674010564_156,"Novormon 20000 Zoetis.Precio$159,168.00",15916800,"","","","","","","","","",""
product_1773674010564_157,"Novormon 20000 Zoetis.Precio$159,168.00",15916800,"","","","","","","","","",""
product_1773674010564_158,"Novormon 20000 Zoetis.Precio$159,168.00",15916800,"","","","","","","","","",""
product_1773674010564_159,"Novormon 20000 Zoetis.Precio$159,168.00",15916800,"","","","","","","","","",""
product_1773674010564_160,"Novormon 20000 Zoetis.Precio$159,168.00",15916800,"","","","","","","","","",""
product_1773674010564_161,"Novormon 20000 Zoetis.Precio$159,168.00",15916800,"","","","","","","","","",""
product_1773674010564_162,"Ioduro de Sodio Zoovet 50ml.Precio$15,159.35",1515935,"","","","","","","","","",""
product_1773674010564_163,"Ioduro de Sodio Zoovet 50ml.Precio$15,159.35",1515935,"","","","","","","","","",""
product_1773674010564_164,"Ioduro de Sodio Zoovet 50ml.Precio$15,159.35",1515935,"","","","","","","","","",""
product_1773674010564_165,"Ioduro de Sodio Zoovet 50ml.Precio$15,159.35",1515935,"","","","","","","","","",""
product_1773674010564_166,"Ioduro de Sodio Zoovet 50ml.Precio$15,159.35",1515935,"","","","","","","","","",""
product_1773674010564_167,"Ioduro de Sodio Zoovet 50ml.Precio$15,159.35",1515935,"","","","","","","","","",""
product_1773674010564_168,"Ioduro de Sodio Zoovet 50ml.Precio$15,159.35",1515935,"","","","","","","","","",""
product_1773674010564_169,"Ioduro de Sodio Zoovet 50ml.Precio$15,159.35",1515935,"","","","","","","","","",""
product_1773674010564_170,"Ioduro de Sodio Zoovet 50ml.Precio$15,159.35",1515935,"","","","","","","","","",""
product_1773674010564_171,"Electrolac Zoovet 1l.Precio$40,765.05",4076505,"","","","","","","","","",""
product_1773674010564_172,"Electrolac Zoovet 1l.Precio$40,765.05",4076505,"","","","","","","","","",""
product_1773674010564_173,"Electrolac Zoovet 1l.Precio$40,765.05",4076505,"","","","","","","","","",""
product_1773674010564_174,"Electrolac Zoovet 1l.Precio$40,765.05",4076505,"","","","","","","","","",""
product_1773674010564_175,"Electrolac Zoovet 1l.Precio$40,765.05",4076505,"","","","","","","","","",""
product_1773674010564_176,"Electrolac Zoovet 1l.Precio$40,765.05",4076505,"","","","","","","","","",""
product_1773674010564_177,"Electrolac Zoovet 1l.Precio$40,765.05",4076505,"","","","","","","","","",""
product_1773674010564_178,"Electrolac Zoovet 1l.Precio$40,765.05",4076505,"","","","","","","","","",""
product_1773674010564_179,"Electrolac Zoovet 1l.Precio$40,765.05",4076505,"","","","","","","","","",""
product_1773674010565_188,"{""platform"":{""ssrPropsUpdates"":[],""ssrStyleUpdates"":[],""ssrStructureUpdates"":[]},""pages"":{""compIdToTypeMap"":{""comp-lnktc4qz"":""VectorImage"",""comp-l1nnbw9m"":""VectorImage"",""comp-l1l0q9y9"":""AppController"",""SITE_STRUCTURE_WRichText_1"":""WRichText"",""comp-le7j32mn"":""StylableButton"",""comp-le7jbedj"":""StylableButton"",""comp-le7jc5v9"":""StylableButton"",""comp-le7jchq6"":""StylableButton"",""comp-le7jd48o"":""StylableButton"",""comp-le7jdok7"":""StylableButton"",""comp-le7jdokl"":""StylableButton"",""comp-le7jdokt"":""StylableButton"",""comp-le7jdol6"":""StylableButton"",""comp-le7jdolg"":""StylableButton"",""comp-in8zv4iq"":""WRichText"",""comp-ing5h0h9"":""WRichText"",""comp-l1l0q9op"":""SearchBox"",""comp-ldlql1kx"":""VectorImage"",""masterPage"":""MasterPage"",""SITE_HEADER"":""HeaderContainer"",""PAGES_CONTAINER"":""PagesContainer"",""SITE_FOOTER"":""FooterContainer"",""comp-l1l0q9oe"":""AppWidget"",""comp-ldkm7to6"":""StylableHorizontalMenu"",""comp-lwtj2wo4"":""Group"",""SITE_PAGES"":""PageGroup"",""comp-ix0s56ur"":""tpaWidgetNative"",""comp-kgv8jsdy"":""tpaWidgetNative"",""BACKGROUND_GROUP"":""BackgroundGroup"",""SCROLL_TO_TOP"":""Anchor"",""SCROLL_TO_BOTTOM"":""Anchor"",""comp-lnktc4qz-pinned-layer"":""PinnedLayer"",""pinnedBottomRight"":""DivWithChildren"",""SKIP_TO_CONTENT_BTN"":""SkipToContentButton"",""pageBackground_xjk0e"":""PageBackground"",""xjk0e"":""Page"",""comp-lldt43mu"":""ClassicSection"",""TPASection_j58hf5l2"":""tpaWidgetNative"",""Containerxjk0e"":""Group"",""DYNAMIC_STRUCTURE_CONTAINER"":""DynamicStructureContainer"",""site-root"":""DivWithChildren"",""main_MF"":""DivWithChildren"",""xjk0e_wrapper"":""PageMountUnmount"",""xjk0e_wrapper_background"":""PageMountUnmount""}},""appsWarmupData"":{""1380b703-ce81-ff05-f115-39571d94dfcd"":{""initialData_default_TPASection_j58hf5l2_default"":{""appSettings"":{""widgetSettings"":{""FILTERS"":[{""show"":false,""filterType"":""CATEGORY"",""selected"":[{""id"":""cf552c27-2036-72b2-da68-ec476642061e"",""name"":""Veterinaria""},{""id"":""7e9fc31f-33d4-a8a3-a967-642b992e7d81"",""name"":""Artículos Rurales""},{""id"":""0a6293f2-66f9-2ca8-65fe-6aaf7e8c02d0"",""name"":""Agroquímicos""},{""id"":""cfa2c468-89a2-05d2-72e9-5be96248b3ed""}],""id"":""f551d"",""filterTitle"":""Categorías""},{""id"":""c30c4"",""show"":true,""filterType"":""PRICE"",""filterTitle"":""Precio""},{""id"":""b8df0"",""show"":false,""filterType"":""OPTIONS"",""filterTitle"":""Variantes del producto""},{""show"":true,""custom"":true,""filterType"":""OPTION_LIST"",""selected"":[{""id"":""deabd4d7-5e77-04cd-f250-fa826dd0eab5"",""name"":""Antibióticos Inyectables""},{""id"":""07428adc-cd34-f2cf-09ad-adc795d52197"",""name"":""Antidiarreicos y Carminativos""},{""id"":""fb5429fd-5a4d-da55-f115-5f1197881c92"",""name"":""Antibióticos Intramamarios""},{""id"":""f4ca3484-a6ef-d594-0eaa-fa1c2fb0677f"",""name"":""Antiinflamatorio""},{""id"":""546ce2ff-48b7-ce05-bacf-f32ab3966016"",""name"":""Antiparasitarios Equinos""},{""id"":""93d16c41-abc4-cc3d-72bd-cdb7af74f412"",""name"":""Antiparasitarios Externos""},{""id"":""f2c871e4-9d0b-087e-57b7-373413171e24"",""name"":""Antiparasitarios Inyectables""},{""id"":""7fbff56e-d5a6-9106-1779-c25f36b28716"",""name"":""Antiparasitarios Orales e Intrarruminales""},{""id"":""bac3597d-6f32-be78-71fc-e241f94b0300"",""name"":""Antiparasitarios Pour-on""},{""id"":""1922f379-0678-d062-dfaa-c58afb8aab7f"",""name"":""Endectocidas""},{""id"":""7ac9f1ad-1227-c822-bc27-3090d89068e1"",""name"":""Endectocidas L.D.""},{""id"":""d142db30-31c1-0524-da17-c14e422876db"",""name"":""Hormonas Sexuales""},{""id"":""a7529fdf-b982-0ba9-35d5-5229f51e7de2"",""name"":""Identificación""},{""id"":""35b492ea-46b7-715c-6588-0fd136f1ee94"",""name"":""Queratoconjuntivitis""},{""id"":""ccf76a66-2b98-65f0-a17d-e5853282ce30"",""name"":""Sincronizador de Celo y Reproducción""},{""id"":""988fc10a-0b22-7f65-c858-d8bc4d1a449c"",""name"":""Vacunas""},{""id"":""c0947740-de11-156f-c078-ca79ab090d8f"",""name"":""Vitamínicos y Mineralizantes""}],""id"":""7ad51"",""filterTitle"":""Veterinaria""},{""show"":true,""custom"":true,""filterType"":""OPTION_LIST"",""selected"":[{""id"":""016cd349-2afd-e79d-8bd5-985724ecf4a7"",""name"":""Herbicidas""},{""id"":""4464a093-fa77-f12b-63f1-9bcda53c2254"",""name"":""Insecticidas""},{""id"":""bf418eff-a412-97d1-705d-dc5eb3513f9d"",""name"":""Fungicida""}],""id"":""ad24f"",""filterTitle"":""Agroquímicos""},{""show"":true,""custom"":true,""filterType"":""OPTION_LIST"",""selected"":[{""id"":""9f621209-fce3-8df4-ce36-891cee2a542e"",""name"":""Aislador""},{""id"":""161f918b-b3d7-971c-3ca3-2dfdd765f212"",""name"":""Alambres""},{""id"":""d4a82863-c617-d3b6-06d5-d1bf31ba0a2f"",""name"":""Electrificación""},{""id"":""b10f1812-5b2b-ce89-d887-fd30849febb4"",""name"":""Guantes""},{""id"":""b0701ace-861e-e3b7-d59a-04fcef0ec0c3"",""name"":""Jeringas""},{""id"":""3cbf3958-06d1-bd51-e98e-e56b08fe43ca"",""name"":""Mango\/ Manija""},{""id"":""2f4d8f31-f912-abe5-90fd-fb95c95477d1"",""name"":""Molinos""}],""id"":""394c3"",""filterTitle"":""Artículos Rurales""},{""show"":true,""custom"":true,""filterType"":""OPTION_LIST"",""selected"":[{""id"":""a7529fdf-b982-0ba9-35d5-5229f51e7de2"",""name"":""Identificación""},{""id"":""95188595-05b9-1319-0a6a-b5ddabfdd3d0"",""name"":""Resolución Senasa 257""}],""id"":""a1129"",""filterTitle"":""Identificación""},{""show"":true,""custom"":true,""filterType"":""OPTION_LIST"",""selected"":[{""id"":""cfa2c468-89a2-05d2-72e9-5be96248b3ed""}],""id"":""96c90"",""filterTitle"":""Indumentaria Rural""},{""show"":true,""custom"":true,""filterType"":""OPTION_LIST"",""selected"":[{""id"":""d1b7250f-2e2f-3785-d059-5864047240d2""}],""id"":""9878b"",""filterTitle"":""Productos del mes""},{""show"":true,""custom"":true,""filterType"":""OPTION_LIST"",""selected"":[{""id"":""241d8073-4780-7714-9786-d1b4c801a4e7""}],""id"":""6f6cf"",""filterTitle"":""Destacados""},{""show"":true,""custom"":true,""filterType"":""OPTION_LIST"",""selected"":[{""id"":""09b42d49-27cb-31b8-3965-09c98192ce52"",""name"":""Agropharma""},{""id"":""d7e52609-8acb-f17f-b80f-bed42790c45e"",""name"":""Allflex""},{""id"":""2c4158a9-9185-f24b-e75b-7def9ef443fb"",""name"":""Bayer""},{""id"":""ee51fc2f-a42e-285f-8eb0-eead04a271e6"",""name"":""Boehringer Ingelheim""},{""id"":""141d8626-f890-d0bc-fad4-45bf3fbe4549"",""name"":""Biogenesis Bago""},{""id"":""35bffb7e-af11-72cf-c8f5-5724434215dc"",""name"":""Biotay""},{""id"":""e816ba7f-447e-48b9-13c5-edf4db7ec5d5"",""name"":""Brouwer""},{""id"":""0f52c89e-235f-da95-830d-a4c1dadb4c35"",""name"":""Carreteles Rafaela""},{""id"":""b5b765fa-3605-169f-60cd-0a1f5c8a5cd8"",""name"":""CDV""},{""id"":""a81f1b94-ceff-f468-3cd5-d6025298c783"",""name"":""Chinfield""},{""id"":""2f56244c-f965-3992-a47b-aeac15611e2d"",""name"":""Elanco""},{""id"":""ee108815-a813-2e88-df10-73a725b19c03"",""name"":""Konig""},{""id"":""3d33c9eb-ee32-200b-3f2e-11f373b429b0"",""name"":""Leon Pharma""},{""id"":""612b9f40-83fb-5ee6-ac51-11238eeb19a2"",""name"":""Lider""},{""id"":""06d2734d-504c-4a84-ac46-e37e094b5074"",""name"":""Microsules\/ Mivet""},{""id"":""a39c22dd-d64b-6961-e5e5-be535c870ff6"",""name"":""MSD""},{""id"":""da42e8f4-f617-aa83-5435-83c2a42a43d5"",""name"":""Over""},{""id"":""8f836a86-dd4d-55e0-d4f9-1f2991b40162"",""name"":""Richmond""},{""id"":""ca45db07-b8e6-896d-5ca4-d4877feeece9"",""name"":""Rio de Janeiro""},{""id"":""4619953a-9590-e436-98df-c9c5dc18f76c"",""name"":""Rosenbusch""},{""id"":""2ba8f933-58cb-63a7-5fe7-1f7be5932fb8"",""name"":""Tecnovax\/ Providean""},{""id"":""795bb266-3f51-9ebf-a445-64c55bf13adf"",""name"":""Vetanco""},{""id"":""47e6d431-838f-100d-3106-578a221265e6"",""name"":""Von Franken""},{""id"":""55e8e80e-f3f3-327e-1f52-92466a1da50f"",""name"":""Zoovet""},{""id"":""1f84e025-edbb-da90-866d-9f150b6dea0b"",""name"":""Zoetis""}],""id"":""7aad2"",""filterTitle"":""Laboratorios""},{""show"":true,""custom"":true,""filterType"":""OPTION_LIST"",""selected"":[{""id"":""e009e010-85c9-471a-291f-77d5218ff193""},{""id"":""1c08a79c-0e78-4b84-3eae-8051c453e8c8""},{""id"":""5e6591e7-ba0a-1d4a-fbea-c1769cb83166""}],""id"":""b61aa"",""filterTitle"":""Animal""}]}},""catalog"":{""isCatalogV3"":false,""category"":{""id"":""00000000-000000-000000-000000000001"",""name"":""All Products"",""visible"":true,""productsWithMetaData"":{""list"":[{""id"":""eb90318a-69c7-f3fc-f31f-cc3435b85a45"",""options"":[],""customTextFields"":[],""productType"":""physical"",""ribbon"":"""",""price"":480862,""comparePrice"":0,""sku"":"""",""isInStock"":true,""urlPart"":""dardox-konig-5lt"",""formattedComparePrice"":"""",""formattedPrice"":""$480,862.00"",""formattedPricePerUnit"":null,""pricePerUnitData"":null,""itemDiscount"":null,""digitalProductFileItems"":[],""name"":""Dardox Konig 5lt."",""media"":[{""url"":""06b954_6a7d4ff81e2e468f81373e81e89c20b9~mv2.png"",""fullUrl"":""https:\/\/static.wixstatic.com\/media\/06b954_6a7d4ff81e2e468f81373e81e89c20b9~mv2.png\/v1\/fit\/w_500,h_500,q_90\/file.png"",""width"":980,""height"":551,""altText"":null}],""isManageProductItems"":false,""productItemsPreOrderAvailability"":""no_variants"",""isTrackingInventory"":false,""inventory"":{""status"":""in_stock"",""quantity"":0,""availableForPreOrder"":false,""preOrderInfoView"":{""limit"":null}},""subscriptionPlans"":{""list"":[]},""discount"":{""value"":0}},{""id"":""63b2be70-b606-1d59-5255-2c1c93a8d272"",""options"":[],""customTextFields"":[],""productType"":""physical"",""ribbon"":"""",""price"":46430,""comparePrice"":0,""sku"":"""",""isInStock"":true,""urlPart"":""pomada-curabichera-bactrovet-plata-konig-1-2kg"",""formattedComparePrice"":"""",""formattedPrice"":""$46,430.00"",""formattedPricePerUnit"":null,""pricePerUnitData"":null,""itemDiscount"":null,""digitalProductFileItems"":[],""name"":""Pomada Curabichera Bactrovet Plata Konig 1,2kg."",""media"":[{""url"":""06b954_80d24fdf84a94958a3d4bc9e26cafa2d~mv2.png"",""fullUrl"":""https:\/\/static.wixstatic.com\/media\/06b954_80d24fdf84a94958a3d4bc9e26cafa2d~mv2.png\/v1\/fit\/w_500,h_500,q_90\/file.png"",""width"":980,""height"":551,""altText"":null}],""isManageProductItems"":false,""productItemsPreOrderAvailability"":""no_variants"",""isTrackingInventory"":false,""inventory"":{""status"":""in_stock"",""quantity"":0,""availableForPreOrder"":false,""preOrderInfoView"":{""limit"":null}},""subscriptionPlans"":{""list"":[]},""discount"":{""value"":0}},{""id"":""ec15408d-dd50-5067-491b-751d6f7d4e26"",""options"":[],""customTextFields"":[],""productType"":""physical"",""ribbon"":"""",""price"":281051.75,""comparePrice"":0,""sku"":"""",""isInStock"":true,""urlPart"":""copia-de-mamyzin-p-boehringer-ingelheim-10-fr-y-ampollas-solventes"",""formattedComparePrice"":"""",""formattedPrice"":""$281,051.75"",""formattedPricePerUnit"":null,""pricePerUnitData"":null,""itemDiscount"":null,""digitalProductFileItems"":[],""name"":""Bovikalc Boehringer Ingelheim x 24 Bolos"",""media"":[{""url"":""06b954_3e40ada2544b4f5e8929fb9dccaea570~mv2.png"",""fullUrl"":""https:\/\/static.wixstatic.com\/media\/06b954_3e40ada2544b4f5e8929fb9dccaea570~mv2.png\/v1\/fit\/w_500,h_500,q_90\/file.png"",""width"":980,""height"":551,""altText"":null}],""isManageProductItems"":false,""productItemsPreOrderAvailability"":""no_variants"",""isTrackingInventory"":false,""inventory"":{""status"":""in_stock"",""quantity"":0,""availableForPreOrder"":false,""preOrderInfoView"":{""limit"":null}},""subscriptionPlans"":{""list"":[]},""discount"":{""value"":0}},{""id"":""85038c9f-69e4-6354-d478-148632ef0cac"",""options"":[],""customTextFields"":[],""productType"":""physical"",""ribbon"":""Consultar precio"",""price"":0,""comparePrice"":0,""sku"":"""",""isInStock"":true,""urlPart"":""ecto-tak-zoovet-x-5lt"",""formattedComparePrice"":"""",""formattedPrice"":""$0.00"",""formattedPricePerUnit"":null,""pricePerUnitData"":null,""itemDiscount"":null,""digitalProductFileItems"":[],""name"":""Ecto Tak Zoovet x 5lt."",""media"":[{""url"":""06b954_b76e8ffb68fa40b88beefe2eb7e66736~mv2.png"",""fullUrl"":""https:\/\/static.wixstatic.com\/media\/06b954_b76e8ffb68fa40b88beefe2eb7e66736~mv2.png\/v1\/fit\/w_500,h_500,q_90\/file.png"",""width"":980,""height"":551,""altText"":null}],""isManageProductItems"":false,""productItemsPreOrderAvailability"":""no_variants"",""isTrackingInventory"":false,""inventory"":{""status"":""in_stock"",""quantity"":0,""availableForPreOrder"":false,""preOrderInfoView"":{""limit"":null}},""subscriptionPlans"":{""list"":[]},""discount"":{""value"":0}},{""id"":""d9f89f7f-29ca-dff0-4fb1-2be877d70856"",""options"":[],""customTextFields"":[],""productType"":""physical"",""ribbon"":""Consultar precio"",""price"":0,""comparePrice"":0,""sku"":"""",""isInStock"":true,""urlPart"":""hepatone-richmond-250ml"",""formattedComparePrice"":"""",""formattedPrice"":""$0.00"",""formattedPricePerUnit"":null,""pricePerUnitData"":null,""itemDiscount"":null,""digitalProductFileItems"":[],""name"":""Hepatone Richmond 250ml."",""media"":[{""url"":""06b954_5e5517ddbef14b228e48a75c8af74e95~mv2.png"",""fullUrl"":""https:\/\/static.wixstatic.com\/media\/06b954_5e5517ddbef14b228e48a75c8af74e95~mv2.png\/v1\/fit\/w_500,h_500,q_90\/file.png"",""width"":980,""height"":551,""altText"":null}],""isManageProductItems"":false,""productItemsPreOrderAvailability"":""no_variants"",""isTrackingInventory"":false,""inventory"":{""status"":""in_stock"",""quantity"":0,""availableForPreOrder"":false,""preOrderInfoView"":{""limit"":null}},""subscriptionPlans"":{""list"":[]},""discount"":{""value"":0}},{""id"":""d73e630f-3736-8ed3-312b-adcb58b6043d"",""options"":[],""customTextFields"":[],""productType"":""physical"",""ribbon"":""Consultar precio"",""price"":0,""comparePrice"":0,""sku"":"""",""isInStock"":true,""urlPart"":""dib-1gr-zoetis-syntex-10-dispositivos"",""formattedComparePrice"":"""",""formattedPrice"":""$0.00"",""formattedPricePerUnit"":null,""pricePerUnitData"":null,""itemDiscount"":null,""digitalProductFileItems"":[],""name"":""DIB 1gr Zoetis Syntex 10 dispositivos."",""media"":[{""url"":""06b954_6076b4a48f5446b8bac4e08585606b1a~mv2.png"",""fullUrl"":""https:\/\/static.wixstatic.com\/media\/06b954_6076b4a48f5446b8bac4e08585606b1a~mv2.png\/v1\/fit\/w_500,h_500,q_90\/file.png"",""width"":980,""height"":551,""altText"":null}],""isManageProductItems"":false,""productItemsPreOrderAvailability"":""no_variants"",""isTrackingInventory"":false,""inventory"":{""status"":""in_stock"",""quantity"":0,""availableForPreOrder"":false,""preOrderInfoView"":{""limit"":null}},""subscriptionPlans"":{""list"":[]},""discount"":{""value"":0}},{""id"":""82aba63a-839e-ab8a-aec8-6834247b7cf3"",""options"":[],""customTextFields"":[],""productType"":""physical"",""ribbon"":""Consultar precio"",""price"":0,""comparePrice"":0,""sku"":"""",""isInStock"":true,""urlPart"":""tiamina-rio-de-janeiro-50ml"",""formattedComparePrice"":"""",""formattedPrice"":""$0.00"",""formattedPricePerUnit"":null,""pricePerUnitData"":null,""itemDiscount"":null,""digitalProductFileItems"":[],""name"":""Tiamina Rio de Janeiro 50ml."",""media"":[{""url"":""06b954_d7a85f13d08848f7ad4df9f32ae78c6f~mv2.png"",""fullUrl"":""https:\/\/static.wixstatic.com\/media\/06b954_d7a85f13d08848f7ad4df9f32ae78c6f~mv2.png\/v1\/fit\/w_500,h_500,q_90\/file.png"",""width"":980,""height"":551,""altText"":""Tiamina Rio de Janeiro 50ml""}],""isManageProductItems"":false,""productItemsPreOrderAvailability"":""no_variants"",""isTrackingInventory"":false,""inventory"":{""status"":""in_stock"",""quantity"":0,""availableForPreOrder"":false,""preOrderInfoView"":{""limit"":null}},""subscriptionPlans"":{""list"":[]},""discount"":{""value"":0}},{""id"":""cf33cc25-4e7a-46d9-f52f-b6238b7d3dc8"",""options"":[],""customTextFields"":[],""productType"":""physical"",""ribbon"":"""",""price"":5323.4,""comparePrice"":0,""sku"":"""",""isInStock"":true,""urlPart"":""birmicina-e25-burnet-40ml"",""formattedComparePrice"":"""",""formattedPrice"":""$5,323.40"",""formattedPricePerUnit"":null,""pricePerUnitData"":null,""itemDiscount"":null,""digitalProductFileItems"":[],""name"":""Birmicina E25 Burnet 40ml"",""media"":[{""url"":""06b954_9adbe47cf55e45e6be35e349788be894~mv2.png"",""fullUrl"":""https:\/\/static.wixstatic.com\/media\/06b954_9adbe47cf55e45e6be35e349788be894~mv2.png\/v1\/fit\/w_500,h_500,q_90\/file.png"",""width"":980,""height"":551,""altText"":""Birmicina E25 Burnet 40ml""}],""isManageProductItems"":false,""productItemsPreOrderAvailability"":""no_variants"",""isTrackingInventory"":false,""inventory"":{""status"":""in_stock"",""quantity"":0,""availableForPreOrder"":false,""preOrderInfoView"":{""limit"":null}},""subscriptionPlans"":{""list"":[]},""discount"":{""value"":0}},{""id"":""6dcf5100-9be9-6024-0dcb-9aac6829dbad"",""options"":[],""customTextFields"":[],""productType"":""physical"",""ribbon"":""Consultar precio"",""price"":0,""comparePrice"":0,""sku"":"""",""isInStock"":true,""urlPart"":""lidocalm-pro-ser-x100"",""formattedComparePrice"":"""",""formattedPrice"":""$0.00"",""formattedPricePerUnit"":null,""pricePerUnitData"":null,""itemDiscount"":null,""digitalProductFileItems"":[],""name"":""Lidocalm Pro-Ser x100"",""media"":[{""url"":""06b954_d0a12d241ec44a8b8337e41320ec885d~mv2.png"",""fullUrl"":""https:\/\/static.wixstatic.com\/media\/06b954_d0a12d241ec44a8b8337e41320ec885d~mv2.png\/v1\/fit\/w_500,h_500,q_90\/file.png"",""width"":980,""height"":551,""altText"":""Lidocalm Pro-Ser x100""}],""isManageProductItems"":false,""productItemsPreOrderAvailability"":""no_variants"",""isTrackingInventory"":false,""inventory"":{""status"":""in_stock"",""quantity"":0,""availableForPreOrder"":false,""preOrderInfoView"":{""limit"":null}},""subscriptionPlans"":{""list"":[]},""discount"":{""value"":0}},{""id"":""01b61f8c-6be5-5308-76ba-405f1445501a"",""options"":[],""customTextFields"":[],""productType"":""physical"",""ribbon"":"""",""price"":13698.75,""comparePrice"":0,""sku"":"""",""isInStock"":true,""urlPart"":""fortevit-ade-leon-pharma-100ml"",""formattedComparePrice"":"""",""formattedPrice"":""$13,698.75"",""formattedPricePerUnit"":null,""pricePerUnitData"":null,""itemDiscount"":null,""digitalProductFileItems"":[],""name"":""Fortevit ADE Leon Pharma 100ml."",""media"":[{""url"":""06b954_6e0573375dc64bceab8f5c9787752e39~mv2.png"",""fullUrl"":""https:\/\/static.wixstatic.com\/media\/06b954_6e0573375dc64bceab8f5c9787752e39~mv2.png\/v1\/fit\/w_500,h_500,q_90\/file.png"",""width"":980,""height"":551,""altText"":""Fortevit ADE Leon Pharma 100ml.""}],""isManageProductItems"":false,""productItemsPreOrderAvailability"":""no_variants"",""isTrackingInventory"":false,""inventory"":{""status"":""in_stock"",""quantity"":0,""availableForPreOrder"":false,""preOrderInfoView"":{""limit"":null}},""subscriptionPlans"":{""list"":[]},""discount"":{""value"":0}},{""id"":""daa22cea-0d09-2028-8b3c-ae4000b9360e"",""options"":[],""customTextFields"":[],""productType"":""physical"",""ribbon"":""Consultar precio"",""price"":0,""comparePrice"":0,""sku"":"""",""isInStock"":true,""urlPart"":""floxanol-5-leon-pharma-100ml"",""formattedComparePrice"":"""",""formattedPrice"":""$0.00"",""formattedPricePerUnit"":null,""pricePerUnitData"":null,""itemDiscount"":null,""digitalProductFileItems"":[],""name"":""Floxanol 5 Leon Pharma 100ml."",""media"":[{""url"":""06b954_fa1631c13be043f4996ec0acf2456cfb~mv2.png"",""fullUrl"":""https:\/\/static.wixstatic.com\/media\/06b954_fa1631c13be043f4996ec0acf2456cfb~mv2.png\/v1\/fit\/w_500,h_500,q_90\/file.png"",""width"":980,""height"":551,""altText"":""Floxanol 5 Leon Pharma 100ml""}],""isManageProductItems"":false,""productItemsPreOrderAvailability"":""no_variants"",""isTrackingInventory"":false,""inventory"":{""status"":""in_stock"",""quantity"":0,""availableForPreOrder"":false,""preOrderInfoView"":{""limit"":null}},""subscriptionPlans"":{""list"":[]},""discount"":{""value"":0}},{""id"":""c926018b-c700-21f2-f603-c35e6b7c866b"",""options"":[],""customTextFields"":[],""productType"":""physical"",""ribbon"":"""",""price"":13647.2,""comparePrice"":0,""sku"":"""",""isInStock"":true,""urlPart"":""tilmilon-300-leon-pharma-100ml"",""formattedComparePrice"":"""",""formattedPrice"":""$13,647.20"",""formattedPricePerUnit"":null,""pricePerUnitData"":null,""itemDiscount"":null,""digitalProductFileItems"":[],""name"":""Tilmilon 300 Leon Pharma 100ml."",""media"":[{""url"":""06b954_70ae13837783406ea0e637e81a0591cc~mv2.png"",""fullUrl"":""https:\/\/static.wixstatic.com\/media\/06b954_70ae13837783406ea0e637e81a0591cc~mv2.png\/v1\/fit\/w_500,h_500,q_90\/file.png"",""width"":980,""height"":551,""altText"":""Tilmilon 300 Leon Pharma 100ml""}],""isManageProductItems"":false,""productItemsPreOrderAvailability"":""no_variants"",""isTrackingInventory"":false,""inventory"":{""status"":""in_stock"",""quantity"":0,""availableForPreOrder"":false,""preOrderInfoView"":{""limit"":null}},""subscriptionPlans"":{""list"":[]},""discount"":{""value"":0}},{""id"":""70c79e5f-edef-5ff7-3041-b5f7e6f001c3"",""options"":[],""customTextFields"":[],""productType"":""physical"",""ribbon"":""Consultar precio"",""price"":0,""comparePrice"":0,""sku"":"""",""isInStock"":true,""urlPart"":""flok-3-15-biogenesis-bago-500ml"",""formattedComparePrice"":"""",""formattedPrice"":""$0.00"",""formattedPricePerUnit"":null,""pricePerUnitData"":null,""itemDiscount"":null,""digitalProductFileItems"":[],""name"":""Flok 3,15 Biogenesis Bago 500ml."",""media"":[{""url"":""06b954_6d98c9948ea94367aa81cdf568008e1a~mv2.png"",""fullUrl"":""https:\/\/static.wixstatic.com\/media\/06b954_6d98c9948ea94367aa81cdf568008e1a~mv2.png\/v1\/fit\/w_500,h_500,q_90\/file.png"",""width"":980,""height"":551,""altText"":""Flok 3,15 Biogenesis Bago 500ml""}],""isManageProductItems"":false,""productItemsPreOrderAvailability"":""no_variants"",""isTrackingInventory"":false,""inventory"":{""status"":""in_stock"",""quantity"":0,""availableForPreOrder"":false,""preOrderInfoView"":{""limit"":null}},""subscriptionPlans"":{""list"":[]},""discount"":{""value"":0}},{""id"":""a3a9698a-6a7f-79c6-9247-e27ba958e68d"",""options"":[],""customTextFields"":[],""productType"":""physical"",""ribbon"":""Consultar precio"",""price"":0,""comparePrice"":0,""sku"":"""",""isInStock"":true,""urlPart"":""rochy-spray-zoovet-267ml"",""formattedComparePrice"":"""",""formattedPrice"":""$0.00"",""formattedPricePerUnit"":null,""pricePerUnitData"":null,""itemDiscount"":null,""digitalProductFileItems"":[],""name"":""Rochy Spray Zoovet 267ml."",""media"":[{""url"":""06b954_ede56d1b9acb45ada129de633e954b96~mv2.png"",""fullUrl"":""https:\/\/static.wixstatic.com\/media\/06b954_ede56d1b9acb45ada129de633e954b96~mv2.png\/v1\/fit\/w_500,h_500,q_90\/file.png"",""width"":980,""height"":551,""altText"":""Rochy Spray Zoovet 267ml""}],""isManageProductItems"":false,""productItemsPreOrderAvailability"":""no_variants"",""isTrackingInventory"":false,""inventory"":{""status"":""in_stock"",""quantity"":0,""availableForPreOrder"":false,""preOrderInfoView"":{""limit"":null}},""subscriptionPlans"":{""list"":[]},""discount"":{""value"":0}},{""id"":""9ebaf2b8-8f42-3377-06d1-3af42ad22d6f"",""options"":[],""customTextFields"":[],""productType"":""physical"",""ribbon"":""Consultar precio"",""price"":0,""comparePrice"":0,""sku"":"""",""isInStock"":true,""urlPart"":""zeleris-zoovet-100ml"",""formattedComparePrice"":"""",""formattedPrice"":""$0.00"",""formattedPricePerUnit"":null,""pricePerUnitData"":null,""itemDiscount"":null,""digitalProductFileItems"":[],""name"":""Zeleris Zoovet 100ml."",""media"":[{""url"":""06b954_e599bafb3fd348ad9724f00b8209229f~mv2.png"",""fullUrl"":""https:\/\/static.wixstatic.com\/media\/06b954_e599bafb3fd348ad9724f00b8209229f~mv2.png\/v1\/fit\/w_500,h_500,q_90\/file.png"",""width"":980,""height"":551,""altText"":""Zeleris Zoovet 100ml""}],""isManageProductItems"":false,""productItemsPreOrderAvailability"":""no_variants"",""isTrackingInventory"":false,""inventory"":{""status"":""in_stock"",""quantity"":0,""availableForPreOrder"":false,""preOrderInfoView"":{""limit"":null}},""subscriptionPlans"":{""list"":[]},""discount"":{""value"":0}},{""id"":""3f906b70-fd14-1a4a-1fcf-91c8616b9c0e"",""options"":[],""customTextFields"":[],""productType"":""physical"",""ribbon"":""Consultar precio"",""price"":0,""comparePrice"":0,""sku"":"""",""isInStock"":true,""urlPart"":""overmectina-f-over-500ml"",""formattedComparePrice"":"""",""formattedPrice"":""$0.00"",""formattedPricePerUnit"":null,""pricePerUnitData"":null,""itemDiscount"":null,""digitalProductFileItems"":[],""name"":""Overmectina F Over 500ml."",""media"":[{""url"":""06b954_e2bb98a334bc4ff7aaff8d8ae1011070~mv2.png"",""fullUrl"":""https:\/\/static.wixstatic.com\/media\/06b954_e2bb98a334bc4ff7aaff8d8ae1011070~mv2.png\/v1\/fit\/w_500,h_500,q_90\/file.png"",""width"":980,""height"":551,""altText"":""Overmectina F Over 500ml""}],""isManageProductItems"":false,""productItemsPreOrderAvailability"":""no_variants"",""isTrackingInventory"":false,""inventory"":{""status"":""in_stock"",""quantity"":0,""availableForPreOrder"":false,""preOrderInfoView"":{""limit"":null}},""subscriptionPlans"":{""list"":[]},""discount"":{""value"":0}},{""id"":""69f6f94b-6a0f-22d8-853d-826fe153553d"",""options"":[],""customTextFields"":[],""productType"":""physical"",""ribbon"":""Consultar precio"",""price"":0,""comparePrice"":0,""sku"":"""",""isInStock"":true,""urlPart"":""synect-polvo-over-400gr"",""formattedComparePrice"":"""",""formattedPrice"":""$0.00"",""formattedPricePerUnit"":null,""pricePerUnitData"":null,""itemDiscount"":null,""digitalProductFileItems"":[],""name"":""Synect Polvo Over 400gr."",""media"":[{""url"":""06b954_5144eff3895c49fdb71d0ba877773f09~mv2.png"",""fullUrl"":""https:\/\/static.wixstatic.com\/media\/06b954_5144eff3895c49fdb71d0ba877773f09~mv2.png\/v1\/fit\/w_500,h_500,q_90\/file.png"",""width"":980,""height"":551,""altText"":""Synect Polvo Over 400gr""}],""isManageProductItems"":false,""productItemsPreOrderAvailability"":""no_variants"",""isTrackingInventory"":false,""inventory"":{""status"":""in_stock"",""quantity"":0,""availableForPreOrder"":false,""preOrderInfoView"":{""limit"":null}},""subscriptionPlans"":{""list"":[]},""discount"":{""value"":0}},{""id"":""6f0e3039-1c58-8a64-0498-727a9f4e6a51"",""options"":[],""customTextFields"":[],""productType"":""physical"",""ribbon"":"""",""price"":8838,""comparePrice"":0,""sku"":"""",""isInStock"":true,""urlPart"":""aplonal-konig-50ml"",""formattedComparePrice"":"""",""formattedPrice"":""$8,838.00"",""formattedPricePerUnit"":null,""pricePerUnitData"":null,""itemDiscount"":null,""digitalProductFileItems"":[],""name"":""Aplonal Konig 50ml."",""media"":[{""url"":""06b954_fca039cd63ab4d62a6451a08f490db66~mv2.png"",""fullUrl"":""https:\/\/static.wixstatic.com\/media\/06b954_fca039cd63ab4d62a6451a08f490db66~mv2.png\/v1\/fit\/w_500,h_500,q_90\/file.png"",""width"":980,""height"":551,""altText"":""Aplonal Konig 50ml""}],""isManageProductItems"":false,""productItemsPreOrderAvailability"":""no_variants"",""isTrackingInventory"":false,""inventory"":{""status"":""in_stock"",""quantity"":0,""availableForPreOrder"":false,""preOrderInfoView"":{""limit"":null}},""subscriptionPlans"":{""list"":[]},""discount"":{""value"":0}},{""id"":""40f62051-3f56-b43b-a0cc-ed9760a1020d"",""options"":[],""customTextFields"":[],""productType"":""physical"",""ribbon"":"""",""price"":32414.25,""comparePrice"":0,""sku"":"""",""isInStock"":true,""urlPart"":""kuramicina-l-a-konig-500ml"",""formattedComparePrice"":"""",""formattedPrice"":""$32,414.25"",""formattedPricePerUnit"":null,""pricePerUnitData"":null,""itemDiscount"":null,""digitalProductFileItems"":[],""name"":""Kuramicina L.A. Konig 500ml."",""media"":[{""url"":""06b954_46013363b3cf4f1fa416cf36cbded3d3~mv2.png"",""fullUrl"":""https:\/\/static.wixstatic.com\/media\/06b954_46013363b3cf4f1fa416cf36cbded3d3~mv2.png\/v1\/fit\/w_500,h_500,q_90\/file.png"",""width"":980,""height"":551,""altText"":""Kuramicina L.A. Konig 500ml""}],""isManageProductItems"":false,""productItemsPreOrderAvailability"":""no_variants"",""isTrackingInventory"":false,""inventory"":{""status"":""in_stock"",""quantity"":0,""availableForPreOrder"":false,""preOrderInfoView"":{""limit"":null}},""subscriptionPlans"":{""list"":[]},""discount"":{""value"":0}},{""id"":""8fbea780-c771-cf4f-b5c3-13acb4808132"",""options"":[],""customTextFields"":[],""productType"":""physical"",""ribbon"":""Consultar precio"",""price"":0,""comparePrice"":0,""sku"":"""",""isInStock"":true,""urlPart"":""bactrovet-plata-am-dualtap-spray-curabichera-konig-420ml"",""formattedComparePrice"":"""",""formattedPrice"":""$0.00"",""formattedPricePerUnit"":null,""pricePerUnitData"":null,""itemDiscount"":null,""digitalProductFileItems"":[],""name"":""Bactrovet Plata AM Dualtap Spray Curabichera Konig 420ml."",""media"":[{""url"":""06b954_e7f3aa831c804d6e9a6a28aa0422fb40~mv2.png"",""fullUrl"":""https:\/\/static.wixstatic.com\/media\/06b954_e7f3aa831c804d6e9a6a28aa0422fb40~mv2.png\/v1\/fit\/w_500,h_500,q_90\/file.png"",""width"":980,""height"":551,""altText"":""Bactrovet Plata AM Dualtap Spray Curabichera""}],""isManageProductItems"":false,""productItemsPreOrderAvailability"":""no_variants"",""isTrackingInventory"":false,""inventory"":{""status"":""in_stock"",""quantity"":0,""availableForPreOrder"":false,""preOrderInfoView"":{""limit"":null}},""subscriptionPlans"":{""list"":[]},""discount"":{""value"":0}},{""id"":""ea3b8680-d5db-1e1b-edc9-db175369d37a"",""options"":[],""customTextFields"":[],""productType"":""physical"",""ribbon"":""Consultar precio"",""price"":0,""comparePrice"":0,""sku"":"""",""isInStock"":true,""urlPart"":""duphamox-la-zoetis-100ml"",""formattedComparePrice"":"""",""formattedPrice"":""$0.00"",""formattedPricePerUnit"":null,""pricePerUnitData"":null,""itemDiscount"":null,""digitalProductFileItems"":[],""name"":""Duphamox LA Zoetis 100ml."",""media"":[{""url"":""06b954_af7c0983a00f4a80a706e4eb77b434a7~mv2.png"",""fullUrl"":""https:\/\/static.wixstatic.com\/media\/06b954_af7c0983a00f4a80a706e4eb77b434a7~mv2.png\/v1\/fit\/w_500,h_500,q_90\/file.png"",""width"":980,""height"":551,""altText"":""Duphamox LA Zoetis 100ml""}],""isManageProductItems"":false,""productItemsPreOrderAvailability"":""no_variants"",""isTrackingInventory"":false,""inventory"":{""status"":""in_stock"",""quantity"":0,""availableForPreOrder"":false,""preOrderInfoView"":{""limit"":null}},""subscriptionPlans"":{""list"":[]},""discount"":{""value"":0}},{""id"":""19a98cf6-ca69-c577-7881-11ad73c5955d"",""options"":[],""customTextFields"":[],""productType"":""physical"",""ribbon"":"""",""price"":33932.1,""comparePrice"":0,""sku"":"""",""isInStock"":true,""urlPart"":""randon-titanium-konig-500ml"",""formattedComparePrice"":"""",""formattedPrice"":""$33,932.10"",""formattedPricePerUnit"":null,""pricePerUnitData"":null,""itemDiscount"":null,""digitalProductFileItems"":[],""name"":""Randon Titanium Konig 500ml."",""media"":[{""url"":""06b954_ac97de54cda141a3b8a2965811c36f22~mv2.png"",""fullUrl"":""https:\/\/static.wixstatic.com\/media\/06b954_ac97de54cda141a3b8a2965811c36f22~mv2.png\/v1\/fit\/w_500,h_500,q_90\/file.png"",""width"":980,""height"":551,""altText"":""Randon Titanium Konig 500ml""}],""isManageProductItems"":false,""productItemsPreOrderAvailability"":""no_variants"",""isTrackingInventory"":false,""inventory"":{""status"":""in_stock"",""quantity"":0,""availableForPreOrder"":false,""preOrderInfoView"":{""limit"":null}},""subscriptionPlans"":{""list"":[]},""discount"":{""value"":0}},{""id"":""bac900e1-9375-b61b-a92c-c6d039ba8bc4"",""options"":[],""customTextFields"":[],""productType"":""physical"",""ribbon"":""Consultar precio"",""price"":0,""comparePrice"":0,""sku"":"""",""isInStock"":true,""urlPart"":""micospectone-von-franken-250ml"",""formattedComparePrice"":"""",""formattedPrice"":""$0.00"",""formattedPricePerUnit"":null,""pricePerUnitData"":null,""itemDiscount"":null,""digitalProductFileItems"":[],""name"":""Micospectone Von Franken 250ml."",""media"":[{""url"":""06b954_acdc7f60ea4848f28b3144547fa5cda6~mv2.png"",""fullUrl"":""https:\/\/static.wixstatic.com\/media\/06b954_acdc7f60ea4848f28b3144547fa5cda6~mv2.png\/v1\/fit\/w_500,h_500,q_90\/file.png"",""width"":980,""height"":551,""altText"":""Micospectone Von Franken 250ml""}],""isManageProductItems"":false,""productItemsPreOrderAvailability"":""no_variants"",""isTrackingInventory"":false,""inventory"":{""status"":""in_stock"",""quantity"":0,""availableForPreOrder"":false,""preOrderInfoView"":{""limit"":null}},""subscriptionPlans"":{""list"":[]},""discount"":{""value"":0}},{""id"":""4326e80f-f751-4c21-fdee-dab31f7cbe70"",""options"":[],""customTextFields"":[],""productType"":""physical"",""ribbon"":""Consultar precio"",""price"":0,""comparePrice"":0,""sku"":"""",""isInStock"":true,""urlPart"":""encefalomielitis-equina-providean-tecnovax-20-dosis"",""formattedComparePrice"":"""",""formattedPrice"":""$0.00"",""formattedPricePerUnit"":null,""pricePerUnitData"":null,""itemDiscount"":null,""digitalProductFileItems"":[],""name"":""Encefalomielitis Equina Providean Tecnovax 20 dosis."",""media"":[{""url"":""06b954_bd5dab6eb24344f68ed16d9eeaa514bd~mv2.png"",""fullUrl"":""https:\/\/static.wixstatic.com\/media\/06b954_bd5dab6eb24344f68ed16d9eeaa514bd~mv2.png\/v1\/fit\/w_500,h_500,q_90\/file.png"",""width"":980,""height"":551,""altText"":""Encefalomielitis Equina Providean Tecnovax""}],""isManageProductItems"":false,""productItemsPreOrderAvailability"":""no_variants"",""isTrackingInventory"":false,""inventory"":{""status"":""in_stock"",""quantity"":0,""availableForPreOrder"":false,""preOrderInfoView"":{""limit"":null}},""subscriptionPlans"":{""list"":[]},""discount"":{""value"":0}},{""id"":""f901436d-496f-5cf0-9f38-25f8aa6dbe0e"",""options"":[],""customTextFields"":[],""productType"":""physical"",""ribbon"":"""",""price"":41359.45,""comparePrice"":0,""sku"":"""",""isInStock"":true,""urlPart"":""linco-300-zoovet-100ml"",""formattedComparePrice"":"""",""formattedPrice"":""$41,359.45"",""formattedPricePerUnit"":null,""pricePerUnitData"":null,""itemDiscount"":null,""digitalProductFileItems"":[],""name"":""Linco 300 Zoovet 100ml."",""media"":[{""url"":""06b954_ccb9423d14ca43ffb06016085e15849e~mv2.png"",""fullUrl"":""https:\/\/static.wixstatic.com\/media\/06b954_ccb9423d14ca43ffb06016085e15849e~mv2.png\/v1\/fit\/w_500,h_500,q_90\/file.png"",""width"":980,""height"":551,""altText"":""Linco 300 Zoovet 100ml""}],""isManageProductItems"":false,""productItemsPreOrderAvailability"":""no_variants"",""isTrackingInventory"":false,""inventory"":{""status"":""in_stock"",""quantity"":0,""availableForPreOrder"":false,""preOrderInfoView"":{""limit"":null}},""subscriptionPlans"":{""list"":[]},""discount"":{""value"":0}},{""id"":""72901abe-0a67-edfa-9e3b-13e3a2b64271"",""options"":[],""customTextFields"":[],""productType"":""physical"",""ribbon"":"""",""price"":63288.45,""comparePrice"":0,""sku"":"""",""isInStock"":true,""urlPart"":""tilmicofull-dúo-inyectable-zoovet-250ml"",""formattedComparePrice"":"""",""formattedPrice"":""$63,288.45"",""formattedPricePerUnit"":null,""pricePerUnitData"":null,""itemDiscount"":null,""digitalProductFileItems"":[],""name"":""Tilmicofull Dúo Inyectable Zoovet 250ml."",""media"":[{""url"":""06b954_0965c7a14480411389db90b74cbc75fa~mv2.png"",""fullUrl"":""https:\/\/static.wixstatic.com\/media\/06b954_0965c7a14480411389db90b74cbc75fa~mv2.png\/v1\/fit\/w_500,h_500,q_90\/file.png"",""width"":980,""height"":551,""altText"":""Tilmicofull Dúo Inyectable Zoovet 250ml""}],""isManageProductItems"":false,""productItemsPreOrderAvailability"":""no_variants"",""isTrackingInventory"":false,""inventory"":{""status"":""in_stock"",""quantity"":0,""availableForPreOrder"":false,""preOrderInfoView"":{""limit"":null}},""subscriptionPlans"":{""list"":[]},""discount"":{""value"":0}},{""id"":""a9dcd8c7-fa5a-ea08-214f-db2ceb5360f9"",""options"":[],""customTextFields"":[],""productType"":""physical"",""ribbon"":"""",""price"":27406.1,""comparePrice"":0,""sku"":"""",""isInStock"":true,""urlPart"":""tilmicofull-dúo-inyectable-zoovet-100ml"",""formattedComparePrice"":"""",""formattedPrice"":""$27,406.10"",""formattedPricePerUnit"":null,""pricePerUnitData"":null,""itemDiscount"":null,""digitalProductFileItems"":[],""name"":""Tilmicofull Dúo Inyectable Zoovet 100ml."",""media"":[{""url"":""06b954_d36c3f443fd04a4eb5316d7b692fd214~mv2.png"",""fullUrl"":""https:\/\/static.wixstatic.com\/media\/06b954_d36c3f443fd04a4eb5316d7b692fd214~mv2.png\/v1\/fit\/w_500,h_500,q_90\/file.png"",""width"":980,""height"":551,""altText"":""Tilmicofull Dúo Inyectable Zoovet 100ml""}],""isManageProductItems"":false,""productItemsPreOrderAvailability"":""no_variants"",""isTrackingInventory"":false,""inventory"":{""status"":""in_stock"",""quantity"":0,""availableForPreOrder"":false,""preOrderInfoView"":{""limit"":null}},""subscriptionPlans"":{""list"":[]},""discount"":{""value"":0}},{""id"":""3a70f1b6-d26f-1ab9-4116-5b5da70fb772"",""options"":[],""customTextFields"":[],""productType"":""physical"",""ribbon"":"""",""price"":13757.65,""comparePrice"":0,""sku"":"""",""isInStock"":true,""urlPart"":""salix-msd-10ml"",""formattedComparePrice"":"""",""formattedPrice"":""$13,757.65"",""formattedPricePerUnit"":null,""pricePerUnitData"":null,""itemDiscount"":null,""digitalProductFileItems"":[],""name"":""Salix MSD 10ml."",""media"":[{""url"":""06b954_e4180d9dae134947871b7b03e9d48768~mv2.png"",""fullUrl"":""https:\/\/static.wixstatic.com\/media\/06b954_e4180d9dae134947871b7b03e9d48768~mv2.png\/v1\/fit\/w_500,h_500,q_90\/file.png"",""width"":980,""height"":551,""altText"":""Salix MSD 10ml""}],""isManageProductItems"":false,""productItemsPreOrderAvailability"":""no_variants"",""isTrackingInventory"":false,""inventory"":{""status"":""in_stock"",""quantity"":0,""availableForPreOrder"":false,""preOrderInfoView"":{""limit"":null}},""subscriptionPlans"":{""list"":[]},""discount"":{""value"":0}},{""id"":""d03c6694-feed-4912-0d18-f3ea120e1ce5"",""options"":[],""customTextFields"":[],""productType"":""physical"",""ribbon"":""Consultar precio"",""price"":0,""comparePrice"":0,""sku"":"""",""isInStock"":true,""urlPart"":""jeringa-lider-dial-pro-50c-c"",""formattedComparePrice"":"""",""formattedPrice"":""$0.00"",""formattedPricePerUnit"":null,""pricePerUnitData"":null,""itemDiscount"":null,""digitalProductFileItems"":[],""name"":""Jeringa Lider Dial PRO 50c.c."",""media"":[{""url"":""06b954_15228971f3484b6ea0e2ecbf0c9f0010~mv2.png"",""fullUrl"":""https:\/\/static.wixstatic.com\/media\/06b954_15228971f3484b6ea0e2ecbf0c9f0010~mv2.png\/v1\/fit\/w_500,h_500,q_90\/file.png"",""width"":980,""height"":551,""altText"":""Jeringa Lider Dial PRO 50c.c.""}],""isManageProductItems"":false,""productItemsPreOrderAvailability"":""no_variants"",""isTrackingInventory"":false,""inventory"":{""status"":""in_stock"",""quantity"":0,""availableForPreOrder"":false,""preOrderInfoView"":{""limit"":null}},""subscriptionPlans"":{""list"":[]},""discount"":{""value"":0}},{""id"":""3c10304c-3159-3a1f-01ec-3d6062c10bea"",""options"":[],""customTextFields"":[],""productType"":""physical"",""ribbon"":""Consultar precio"",""price"":0,""comparePrice"":0,""sku"":"""",""isInStock"":true,""urlPart"":""endoral-von-franken-5l"",""formattedComparePrice"":"""",""formattedPrice"":""$0.00"",""formattedPricePerUnit"":null,""pricePerUnitData"":null,""itemDiscount"":null,""digitalProductFileItems"":[],""name"":""Endoral Von Franken 1l."",""media"":[{""url"":""06b954_b2f0109330a94d33873a0aa94e2085a5~mv2.png"",""fullUrl"":""https:\/\/static.wixstatic.com\/media\/06b954_b2f0109330a94d33873a0aa94e2085a5~mv2.png\/v1\/fit\/w_500,h_500,q_90\/file.png"",""width"":980,""height"":551,""altText"":""Endoral Von Franken 1l.""}],""isManageProductItems"":false,""productItemsPreOrderAvailability"":""no_variants"",""isTrackingInventory"":false,""inventory"":{""status"":""in_stock"",""quantity"":0,""availableForPreOrder"":false,""preOrderInfoView"":{""limit"":null}},""subscriptionPlans"":{""list"":[]},""discount"":{""value"":0}},{""id"":""e530ec9e-9132-7557-d045-fdbed191ac27"",""options"":[],""customTextFields"":[],""productType"":""physical"",""ribbon"":""Consultar precio"",""price"":0,""comparePrice"":0,""sku"":"""",""isInStock"":true,""urlPart"":""advocin-180-zoetis-50ml"",""formattedComparePrice"":"""",""formattedPrice"":""$0.00"",""formattedPricePerUnit"":null,""pricePerUnitData"":null,""itemDiscount"":null,""digitalProductFileItems"":[],""name"":""Advocin 180 Zoetis 50ml."",""media"":[{""url"":""06b954_c571f73937814024b27e4800eec85aa8~mv2.png"",""fullUrl"":""https:\/\/static.wixstatic.com\/media\/06b954_c571f73937814024b27e4800eec85aa8~mv2.png\/v1\/fit\/w_500,h_500,q_90\/file.png"",""width"":980,""height"":551,""altText"":""Advocin 180 Zoetis 50ml""}],""isManageProductItems"":false,""productItemsPreOrderAvailability"":""no_variants"",""isTrackingInventory"":false,""inventory"":{""status"":""in_stock"",""quantity"":0,""availableForPreOrder"":false,""preOrderInfoView"":{""limit"":null}},""subscriptionPlans"":{""list"":[]},""discount"":{""value"":0}},{""id"":""d86b7ba7-b20f-53b5-f064-f3f76d860f7a"",""options"":[],""customTextFields"":[],""productType"":""physical"",""ribbon"":""Consultar precio"",""price"":0,""comparePrice"":0,""sku"":"""",""isInStock"":true,""urlPart"":""ciclase-dl-zoetis-20ml"",""formattedComparePrice"":"""",""formattedPrice"":""$0.00"",""formattedPricePerUnit"":null,""pricePerUnitData"":null,""itemDiscount"":null,""digitalProductFileItems"":[],""name"":""Ciclase DL Zoetis 20ml."",""media"":[{""url"":""06b954_b96368e77bb549b39c02c79fc48e005a~mv2.png"",""fullUrl"":""https:\/\/static.wixstatic.com\/media\/06b954_b96368e77bb549b39c02c79fc48e005a~mv2.png\/v1\/fit\/w_500,h_500,q_90\/file.png"",""width"":980,""height"":551,""altText"":""Ciclase DL Zoetis 20ml""}],""isManageProductItems"":false,""productItemsPreOrderAvailability"":""no_variants"",""isTrackingInventory"":false,""inventory"":{""status"":""in_stock"",""quantity"":0,""availableForPreOrder"":false,""preOrderInfoView"":{""limit"":null}},""subscriptionPlans"":{""list"":[]},""discount"":{""value"":0}},{""id"":""c42cb354-47ca-a2b0-d3a1-7e6956fdf372"",""options"":[],""customTextFields"":[],""productType"":""physical"",""ribbon"":""Consultar precio"",""price"":0,""comparePrice"":0,""sku"":"""",""isInStock"":true,""urlPart"":""cipiosyn-cipionato-de-estradiol-100ml"",""formattedComparePrice"":"""",""formattedPrice"":""$0.00"",""formattedPricePerUnit"":null,""pricePerUnitData"":null,""itemDiscount"":null,""digitalProductFileItems"":[],""name"":""Cipiosyn Cipionato de Estradiol 100ml."",""media"":[{""url"":""06b954_652cffaa25254c28a22f74343c931ba5~mv2.png"",""fullUrl"":""https:\/\/static.wixstatic.com\/media\/06b954_652cffaa25254c28a22f74343c931ba5~mv2.png\/v1\/fit\/w_500,h_500,q_90\/file.png"",""width"":980,""height"":551,""altText"":""Cipiosyn Cipionato de Estradiol 100ml""}],""isManageProductItems"":false,""productItemsPreOrderAvailability"":""no_variants"",""isTrackingInventory"":false,""inventory"":{""status"":""in_stock"",""quantity"":0,""availableForPreOrder"":false,""preOrderInfoView"":{""limit"":null}},""subscriptionPlans"":{""list"":[]},""discount"":{""value"":0}},{""id"":""f2b70e97-8060-eb38-f830-e07298d24f67"",""options"":[],""customTextFields"":[],""productType"":""physical"",""ribbon"":"""",""price"":159168,""comparePrice"":0,""sku"":"""",""isInStock"":true,""urlPart"":""novormon-20000-zoetis"",""formattedComparePrice"":"""",""formattedPrice"":""$159,168.00"",""formattedPricePerUnit"":null,""pricePerUnitData"":null,""itemDiscount"":null,""digitalProductFileItems"":[],""name"":""Novormon 20000 Zoetis."",""media"":[{""url"":""06b954_a248a712de294769bcc0d0a7fd459bb1~mv2.png"",""fullUrl"":""https:\/\/static.wixstatic.com\/media\/06b954_a248a712de294769bcc0d0a7fd459bb1~mv2.png\/v1\/fit\/w_500,h_500,q_90\/file.png"",""width"":980,""height"":551,""altText"":""Novormon 20000 Zoetis""}],""isManageProductItems"":false,""productItemsPreOrderAvailability"":""no_variants"",""isTrackingInventory"":false,""inventory"":{""status"":""in_stock"",""quantity"":0,""availableForPreOrder"":false,""preOrderInfoView"":{""limit"":null}},""subscriptionPlans"":{""list"":[]},""discount"":{""value"":0}},{""id"":""b0a48105-127e-c1eb-e306-5a638d61d47b"",""options"":[],""customTextFields"":[],""productType"":""physical"",""ribbon"":"""",""price"":15159.35,""comparePrice"":0,""sku"":"""",""isInStock"":true,""urlPart"":""ioduro-de-sodio-zoovet-50ml"",""formattedComparePrice"":"""",""formattedPrice"":""$15,159.35"",""formattedPricePerUnit"":null,""pricePerUnitData"":null,""itemDiscount"":null,""digitalProductFileItems"":[],""name"":""Ioduro de Sodio Zoovet 50ml."",""media"":[{""url"":""06b954_2c7020459012495dacf141b407e2a224~mv2.png"",""fullUrl"":""https:\/\/static.wixstatic.com\/media\/06b954_2c7020459012495dacf141b407e2a224~mv2.png\/v1\/fit\/w_500,h_500,q_90\/file.png"",""width"":980,""height"":551,""altText"":"" Ioduro de Sodio Zoovet 50ml""}],""isManageProductItems"":false,""productItemsPreOrderAvailability"":""no_variants"",""isTrackingInventory"":false,""inventory"":{""status"":""in_stock"",""quantity"":0,""availableForPreOrder"":false,""preOrderInfoView"":{""limit"":null}},""subscriptionPlans"":{""list"":[]},""discount"":{""value"":0}},{""id"":""d3fb05fc-7143-8bc8-f3ae-477938aca8df"",""options"":[],""customTextFields"":[],""productType"":""physical"",""ribbon"":"""",""price"":40765.05,""comparePrice"":0,""sku"":"""",""isInStock"":true,""urlPart"":""electrolac-zoovet-1l"",""formattedComparePrice"":"""",""formattedPrice"":""$40,765.05"",""formattedPricePerUnit"":null,""pricePerUnitData"":null,""itemDiscount"":null,""digitalProductFileItems"":[],""name"":""Electrolac Zoovet 1l."",""media"":[{""url"":""06b954_dbb87615e0bd4b5faae0f4ae2dd9de07~mv2.png"",""fullUrl"":""https:\/\/static.wixstatic.com\/media\/06b954_dbb87615e0bd4b5faae0f4ae2dd9de07~mv2.png\/v1\/fit\/w_500,h_500,q_90\/file.png"",""width"":980,""height"":551,""altText"":""Electrolac Zoovet 1l""}],""isManageProductItems"":false,""productItemsPreOrderAvailability"":""no_variants"",""isTrackingInventory"":false,""inventory"":{""status"":""in_stock"",""quantity"":0,""availableForPreOrder"":false,""preOrderInfoView"":{""limit"":null}},""subscriptionPlans"":{""list"":[]},""discount"":{""value"":0}}],""totalCount"":492}},""allProductsCategoryId"":""00000000-000000-000000-000000000001""}},""filters_default_TPASection_j58hf5l2_default"":[{""filterType"":""PRICE"",""name"":""price"",""field"":""comparePrice"",""values"":[{""id"":null,""key"":""0.00"",""value"":""$0.00""},{""id"":null,""key"":""34975.15"",""value"":""$34,975.15""},{""id"":null,""key"":""69950.30"",""value"":""$69,950.30""},{""id"":null,""key"":""104925.44"",""value"":""$104,925.44""},{""id"":null,""key"":""139900.59"",""value"":""$139,900.59""},{""id"":null,""key"":""174875.74"",""value"":""$174,875.74""},{""id"":null,""key"":""209850.89"",""value"":""$209,850.89""},{""id"":null,""key"":""244826.03"",""value"":""$244,826.03""},{""id"":null,""key"":""279801.18"",""value"":""$279,801.18""},{""id"":null,""key"":""314776.33"",""value"":""$314,776.33""},{""id"":null,""key"":""349751.48"",""value"":""$349,751.48""},{""id"":null,""key"":""384726.62"",""value"":""$384,726.62""},{""id"":null,""key"":""419701.77"",""value"":""$419,701.77""},{""id"":null,""key"":""454676.92"",""value"":""$454,676.92""},{""id"":null,""key"":""489652.07"",""value"":""$489,652.07""},{""id"":null,""key"":""524627.21"",""value"":""$524,627.21""},{""id"":null,""key"":""559602.36"",""value"":""$559,602.36""},{""id"":null,""key"":""594577.51"",""value"":""$594,577.51""},{""id"":null,""key"":""629552.66"",""value"":""$629,552.66""},{""id"":null,""key"":""664527.80"",""value"":""$664,527.80""},{""id"":null,""key"":""699502.95"",""value"":""$699,502.95""}]},{""filterType"":""FILTERED_CATEGORIES"",""name"":""categoryId"",""field"":""categoryId"",""values"":[{""id"":null,""key"":""07428adc-cd34-f2cf-09ad-adc795d52197"",""value"":""Antidiarreicos y Carminativos""},{""id"":null,""key"":""09b42d49-27cb-31b8-3965-09c98192ce52"",""value"":""Agropharma""},{""id"":null,""key"":""0f52c89e-235f-da95-830d-a4c1dadb4c35"",""value"":""Carreteles Rafaela""},{""id"":null,""key"":""47e6d431-838f-100d-3106-578a221265e6"",""value"":""Von Franken""},{""id"":null,""key"":""c9e7009d-8d58-7a10-7e18-824472f2557d"",""value"":""Plyrap""},{""id"":null,""key"":""9f621209-fce3-8df4-ce36-891cee2a542e"",""value"":""Aislador""},{""id"":null,""key"":""d1b7250f-2e2f-3785-d059-5864047240d2"",""value"":""Productos del Mes""},{""id"":null,""key"":""55e8e80e-f3f3-327e-1f52-92466a1da50f"",""value"":""Zoovet""},{""id"":null,""key"":""7fbff56e-d5a6-9106-1779-c25f36b28716"",""value"":""Antiparasitarios Orales e Intrarruminales""},{""id"":null,""key"":""8f836a86-dd4d-55e0-d4f9-1f2991b40162"",""value"":""Richmond""},{""id"":null,""key"":""016cd349-2afd-e79d-8bd5-985724ecf4a7"",""value"":""Herbicidas""},{""id"":null,""key"":""deabd4d7-5e77-04cd-f250-fa826dd0eab5"",""value"":""Antibióticos Inyectables""},{""id"":null,""key"":""b5b765fa-3605-169f-60cd-0a1f5c8a5cd8"",""value"":""CDV""},{""id"":null,""key"":""612b9f40-83fb-5ee6-ac51-11238eeb19a2"",""value"":""Lider""},{""id"":null,""key"":""e009e010-85c9-471a-291f-77d5218ff193"",""value"":""Bovinos""},{""id"":null,""key"":""35b492ea-46b7-715c-6588-0fd136f1ee94"",""value"":""Queratoconjuntivitis""},{""id"":null,""key"":""7f0bf9a6-046a-cd0f-30ca-9de97a4a9fec"",""value"":""Ale Bet""},{""id"":null,""key"":""ee51fc2f-a42e-285f-8eb0-eead04a271e6"",""value"":""Boehringer Ingelheim""},{""id"":null,""key"":""664f3fae-ef0f-520a-21d4-3ce0ce034f5e"",""value"":""Dow""},{""id"":null,""key"":""d7e52609-8acb-f17f-b80f-bed42790c45e"",""value"":""Allflex""},{""id"":null,""key"":""da42e8f4-f617-aa83-5435-83c2a42a43d5"",""value"":""Over""},{""id"":null,""key"":""161f918b-b3d7-971c-3ca3-2dfdd765f212"",""value"":""Alambres""},{""id"":null,""key"":""74d27157-64cb-418b-dc1f-9e3c945436fb"",""value"":""Weizur""},{""id"":null,""key"":""1922f379-0678-d062-dfaa-c58afb8aab7f"",""value"":""Endectocidas""},{""id"":null,""key"":""ccf76a66-2b98-65f0-a17d-e5853282ce30"",""value"":""Sincronizador de Celo y Reproducción""},{""id"":null,""key"":""bac3597d-6f32-be78-71fc-e241f94b0300"",""value"":""Antiparasitarios Pour-on""},{""id"":null,""key"":""f4ca3484-a6ef-d594-0eaa-fa1c2fb0677f"",""value"":""Antiinflamatorio""},{""id"":null,""key"":""fb6b98ec-988e-6ebb-1ab3-fa38b19e2f47"",""value"":""Zamba""},{""id"":null,""key"":""2ba8f933-58cb-63a7-5fe7-1f7be5932fb8"",""value"":""Tecnovax\/ Providean""},{""id"":null,""key"":""e1c24591-5ecb-9c8e-7e02-31a02e8610c7"",""value"":""Nort""},{""id"":null,""key"":""bf418eff-a412-97d1-705d-dc5eb3513f9d"",""value"":""Fungicida""},{""id"":null,""key"":""99b6f521-b367-f723-bcd9-711200259961"",""value"":""Boehringer Vac""},{""id"":null,""key"":""b10f1812-5b2b-ce89-d887-fd30849febb4"",""value"":""Guantes""},{""id"":null,""key"":""e816ba7f-447e-48b9-13c5-edf4db7ec5d5"",""value"":""Brouwer""},{""id"":null,""key"":""26bd1aac-a7f1-c812-7cd6-52e03e9b459a"",""value"":""Atanor""},{""id"":null,""key"":""b0701ace-861e-e3b7-d59a-04fcef0ec0c3"",""value"":""Jeringas""},{""id"":null,""key"":""a81f1b94-ceff-f468-3cd5-d6025298c783"",""value"":""Chinfield""},{""id"":null,""key"":""c0947740-de11-156f-c078-ca79ab090d8f"",""value"":""Vitamínicos y Mineralizantes""},{""id"":null,""key"":""95188595-05b9-1319-0a6a-b5ddabfdd3d0"",""value"":""Resolución Senasa 257""},{""id"":null,""key"":""4464a093-fa77-f12b-63f1-9bcda53c2254"",""value"":""Insecticidas""},{""id"":null,""key"":""1c08a79c-0e78-4b84-3eae-8051c453e8c8"",""value"":""Ovinos""},{""id"":null,""key"":""c89123e4-97ed-5b5b-2c40-cab0c27ff33e"",""value"":""Dairyfarma""},{""id"":null,""key"":""7e9fc31f-33d4-a8a3-a967-642b992e7d81"",""value"":""Artículos Rurales""},{""id"":null,""key"":""1f84e025-edbb-da90-866d-9f150b6dea0b"",""value"":""Zoetis""},{""id"":null,""key"":""988bce64-24d0-ac5d-3697-cb9c6d4ee533"",""value"":""Merial""},{""id"":null,""key"":""f4e54df4-7e8c-7cd6-80e7-d56bf9c2f759"",""value"":""Sarna""},{""id"":null,""key"":""ee108815-a813-2e88-df10-73a725b19c03"",""value"":""Konig""},{""id"":null,""key"":""a7529fdf-b982-0ba9-35d5-5229f51e7de2"",""value"":""Identificación""},{""id"":null,""key"":""2a2e0e02-2172-c03d-fcd1-2b74a18492ce"",""value"":""Agro Insumos""},{""id"":null,""key"":""141d8626-f890-d0bc-fad4-45bf3fbe4549"",""value"":""Biogenesis Bago""},{""id"":null,""key"":""795bb266-3f51-9ebf-a445-64c55bf13adf"",""value"":""Vetanco""},{""id"":null,""key"":""3cbf3958-06d1-bd51-e98e-e56b08fe43ca"",""value"":""Mango\/ Manija""},{""id"":null,""key"":""fb5429fd-5a4d-da55-f115-5f1197881c92"",""value"":""Antibióticos Intramamarios""},{""id"":null,""key"":""b32e3242-d119-c249-c5a0-2ee47d550764"",""value"":""Arriero""},{""id"":null,""key"":""16f68aa5-2df0-9630-1d16-29ea735a7a7a"",""value"":""Lero Técnica""},{""id"":null,""key"":""e943726e-c042-e116-21ca-617abe4d042a"",""value"":""Vetue""},{""id"":null,""key"":""67aafc95-ae60-5c6a-885c-869fe9a55365"",""value"":""Específicos""},{""id"":null,""key"":""241d8073-4780-7714-9786-d1b4c801a4e7"",""value"":""Destacados""},{""id"":null,""key"":""7aeb4b58-f82b-0a85-968b-bdb47d93ae8e"",""value"":""Otros""},{""id"":null,""key"":""2c4158a9-9185-f24b-e75b-7def9ef443fb"",""value"":""Bayer""},{""id"":null,""key"":""546ce2ff-48b7-ce05-bacf-f32ab3966016"",""value"":""Antiparasitarios Equinos""},{""id"":null,""key"":""988fc10a-0b22-7f65-c858-d8bc4d1a449c"",""value"":""Vacunas""},{""id"":null,""key"":""d142db30-31c1-0524-da17-c14e422876db"",""value"":""Hormonas Sexuales""},{""id"":null,""key"":""d4a82863-c617-d3b6-06d5-d1bf31ba0a2f"",""value"":""Electrificación""},{""id"":null,""key"":""6d91a552-fb05-f7d9-e6bd-f14c57ea7921"",""value"":""FIX""},{""id"":null,""key"":""ca45db07-b8e6-896d-5ca4-d4877feeece9"",""value"":""Rio de Janeiro""},{""id"":null,""key"":""1c5d1010-b7e1-66a3-d115-810beb74bf00"",""value"":""Bio Vac""},{""id"":null,""key"":""00000000-000000-000000-000000000001"",""value"":""All Products""},{""id"":null,""key"":""7ac9f1ad-1227-c822-bc27-3090d89068e1"",""value"":""Endectocidas L.D.""},{""id"":null,""key"":""cfa2c468-89a2-05d2-72e9-5be96248b3ed"",""value"":""Indumentaria Rural""},{""id"":null,""key"":""2f4d8f31-f912-abe5-90fd-fb95c95477d1"",""value"":""Molinos""},{""id"":null,""key"":""35bffb7e-af11-72cf-c8f5-5724434215dc"",""value"":""Biotay""},{""id"":null,""key"":""1e290e1c-6b81-779c-e7af-240ea8fe8ff7"",""value"":""Syntex""},{""id"":null,""key"":""a39c22dd-d64b-6961-e5e5-be535c870ff6"",""value"":""MSD""},{""id"":null,""key"":""b0512746-dc36-02b1-8691-8e54419ef72a"",""value"":""Huracan""},{""id"":null,""key"":""cf552c27-2036-72b2-da68-ec476642061e"",""value"":""Veterinaria""},{""id"":null,""key"":""2e0e9698-2e0b-7725-fd5f-69ed40204bcd"",""value"":""CDV Vac""},{""id"":null,""key"":""2f56244c-f965-3992-a47b-aeac15611e2d"",""value"":""Elanco""},{""id"":null,""key"":""f2c871e4-9d0b-087e-57b7-373413171e24"",""value"":""Antiparasitarios Inyectables""},{""id"":null,""key"":""3d33c9eb-ee32-200b-3f2e-11f373b429b0"",""value"":""Leon Pharma""},{""id"":null,""key"":""9d57ca13-51b5-17cf-ec88-1e24afd4d786"",""value"":""Providean""},{""id"":null,""key"":""4619953a-9590-e436-98df-c9c5dc18f76c"",""value"":""Rosenbusch""},{""id"":null,""key"":""2de9a159-9977-2df6-b763-53cc1cd52bcc"",""value"":""Varios""},{""id"":null,""key"":""d4753c3a-f39d-0a1f-eca4-21f276e39072"",""value"":""Mandinga""},{""id"":null,""key"":""06d2734d-504c-4a84-ac46-e37e094b5074"",""value"":""Microsules\/ Mivet""},{""id"":null,""key"":""93d16c41-abc4-cc3d-72bd-cdb7af74f412"",""value"":""Antiparasitarios Externos""},{""id"":null,""key"":""5e6591e7-ba0a-1d4a-fbea-c1769cb83166"",""value"":""Equinos""},{""id"":null,""key"":""2bde77d8-3e28-f2d3-d388-b86c75587d03"",""value"":""Ario Q""},{""id"":null,""key"":""0a6293f2-66f9-2ca8-65fe-6aaf7e8c02d0"",""value"":""Agroquímicos""},{""id"":null,""key"":""85179d5d-f10d-32b6-0f2a-09b17c9ccf2b"",""value"":""Semillas Híbridas y Forrajeras""}]}]}},""ooi"":{""failedInSsr"":{}}}",48086200,"","","","","","","","","",""